season,week,release_id,receipt_version,publication_status,designated_at_utc,designation_receipt_sha256,canonical_archive_csv_sha256,run_label,published_at_utc,game_id,date,away_team,home_team,model_lean,published_margin_home,published_margin_text,grade_status,away_score,home_score,actual_margin_home,actual_winner,winner_correct,absolute_margin_error,outcome_source
2026,1,2026.v1,2,final-public,2026-08-20T01:43:00.634091+00:00,0ca42df5e6ca99839a159afb7870cd2f62b61f542b309912e5d437623ef27c1f,8508e5e0acffcc27e150b722da061303021bf0872e22f674bbd33c70312ff49a,certified-internal-anchor-2026-v1,2026-08-20T01:43:00.634091+00:00,401856766,2026-08-29,North Carolina,TCU,TCU,6.61286,TCU by 6.6,graded,15,10,-5,North Carolina,False,11.61286,CollegeFootballData (CFBD)
2026,1,2026.v1,2,final-public,2026-08-20T01:43:00.634091+00:00,0ca42df5e6ca99839a159afb7870cd2f62b61f542b309912e5d437623ef27c1f,8508e5e0acffcc27e150b722da061303021bf0872e22f674bbd33c70312ff49a,certified-internal-anchor-2026-v1,2026-08-20T01:43:00.634091+00:00,401858201,2026-08-29,Hawai'i,Stanford,Stanford,7.638606,Stanford by 7.6,graded,27,37,10,Stanford,True,2.361394,CollegeFootballData (CFBD)
2026,1,2026.v1,2,final-public,2026-08-20T01:43:00.634091+00:00,0ca42df5e6ca99839a159afb7870cd2f62b61f542b309912e5d437623ef27c1f,8508e5e0acffcc27e150b722da061303021bf0872e22f674bbd33c70312ff49a,certified-internal-anchor-2026-v1,2026-08-20T01:43:00.634091+00:00,401858202,2026-08-29,NC State,Virginia,Virginia,5.305696,Virginia by 5.3,graded,8,34,26,Virginia,True,20.694304,CollegeFootballData (CFBD)
2026,1,2026.v1,2,final-public,2026-08-20T01:43:00.634091+00:00,0ca42df5e6ca99839a159afb7870cd2f62b61f542b309912e5d437623ef27c1f,8508e5e0acffcc27e150b722da061303021bf0872e22f674bbd33c70312ff49a,certified-internal-anchor-2026-v1,2026-08-20T01:43:00.634091+00:00,401864494,2026-08-29,San José State,USC,USC,28.328081,USC by 28.3,graded,26,42,16,USC,True,12.328081,CollegeFootballData (CFBD)
2026,1,2026.v1,2,final-public,2026-08-20T01:43:00.634091+00:00,0ca42df5e6ca99839a159afb7870cd2f62b61f542b309912e5d437623ef27c1f,8508e5e0acffcc27e150b722da061303021bf0872e22f674bbd33c70312ff49a,certified-internal-anchor-2026-v1,2026-08-20T01:43:00.634091+00:00,401864570,2026-08-29,New Mexico State,Florida State,Florida State,28.659917,Florida State by 28.7,graded,17,34,17,Florida State,True,11.659917,CollegeFootballData (CFBD)
2026,1,2026.v1,2,final-public,2026-08-20T01:43:00.634091+00:00,0ca42df5e6ca99839a159afb7870cd2f62b61f542b309912e5d437623ef27c1f,8508e5e0acffcc27e150b722da061303021bf0872e22f674bbd33c70312ff49a,certified-internal-anchor-2026-v1,2026-08-20T01:43:00.634091+00:00,401864577,2026-08-29,Jacksonville State,North Dakota State,North Dakota State,10.971092,North Dakota State by 11.0,graded,7,33,26,North Dakota State,True,15.028908,CollegeFootballData (CFBD)
2026,1,2026.v1,2,final-public,2026-08-20T01:43:00.634091+00:00,0ca42df5e6ca99839a159afb7870cd2f62b61f542b309912e5d437623ef27c1f,8508e5e0acffcc27e150b722da061303021bf0872e22f674bbd33c70312ff49a,certified-internal-anchor-2026-v1,2026-08-20T01:43:00.634091+00:00,401866408,2026-08-29,Sacramento State,Eastern Michigan,Eastern Michigan,4.601227,Eastern Michigan by 4.6,graded,17,28,11,Eastern Michigan,True,6.398773,CollegeFootballData (CFBD)
2026,1,2026.v1,2,final-public,2026-08-20T01:43:00.634091+00:00,0ca42df5e6ca99839a159afb7870cd2f62b61f542b309912e5d437623ef27c1f,8508e5e0acffcc27e150b722da061303021bf0872e22f674bbd33c70312ff49a,certified-internal-anchor-2026-v1,2026-08-20T01:43:00.634091+00:00,401862693,2026-08-30,Memphis,UNLV,UNLV,1.963412,UNLV by 2.0,graded,27,21,-6,Memphis,False,7.963412,CollegeFootballData (CFBD)
2026,1,2026.v1,2,final-public,2026-08-20T01:43:00.634091+00:00,0ca42df5e6ca99839a159afb7870cd2f62b61f542b309912e5d437623ef27c1f,8508e5e0acffcc27e150b722da061303021bf0872e22f674bbd33c70312ff49a,certified-internal-anchor-2026-v1,2026-08-20T01:43:00.634091+00:00,401858204,2026-09-03,Akron,Wake Forest,Wake Forest,17.947708,Wake Forest by 17.9,graded,16,38,22,Wake Forest,True,4.052292,CollegeFootballData (CFBD)
2026,1,2026.v1,2,final-public,2026-08-20T01:43:00.634091+00:00,0ca42df5e6ca99839a159afb7870cd2f62b61f542b309912e5d437623ef27c1f,8508e5e0acffcc27e150b722da061303021bf0872e22f674bbd33c70312ff49a,certified-internal-anchor-2026-v1,2026-08-20T01:43:00.634091+00:00,401858423,2026-09-03,Massachusetts,Rutgers,Rutgers,33.446791,Rutgers by 33.4,graded,37,21,-16,Massachusetts,False,49.446791,CollegeFootballData (CFBD)
2026,1,2026.v1,2,final-public,2026-08-20T01:43:00.634091+00:00,0ca42df5e6ca99839a159afb7870cd2f62b61f542b309912e5d437623ef27c1f,8508e5e0acffcc27e150b722da061303021bf0872e22f674bbd33c70312ff49a,certified-internal-anchor-2026-v1,2026-08-20T01:43:00.634091+00:00,401856776,2026-09-04,Colorado,Georgia Tech,Georgia Tech,10.295737,Georgia Tech by 10.3,graded,14,13,-1,Colorado,False,11.295737,CollegeFootballData (CFBD)
2026,1,2026.v1,2,final-public,2026-08-20T01:43:00.634091+00:00,0ca42df5e6ca99839a159afb7870cd2f62b61f542b309912e5d437623ef27c1f,8508e5e0acffcc27e150b722da061303021bf0872e22f674bbd33c70312ff49a,certified-internal-anchor-2026-v1,2026-08-20T01:43:00.634091+00:00,401858424,2026-09-04,UAB,Illinois,Illinois,18.2057,Illinois by 18.2,graded,23,42,19,Illinois,True,0.7943,CollegeFootballData (CFBD)
2026,1,2026.v1,2,final-public,2026-08-20T01:43:00.634091+00:00,0ca42df5e6ca99839a159afb7870cd2f62b61f542b309912e5d437623ef27c1f,8508e5e0acffcc27e150b722da061303021bf0872e22f674bbd33c70312ff49a,certified-internal-anchor-2026-v1,2026-08-20T01:43:00.634091+00:00,401864495,2026-09-04,San José State,Eastern Michigan,Eastern Michigan,3.242464,Eastern Michigan by 3.2,graded,27,21,-6,San José State,False,9.242464,CollegeFootballData (CFBD)
2026,1,2026.v1,2,final-public,2026-08-20T01:43:00.634091+00:00,0ca42df5e6ca99839a159afb7870cd2f62b61f542b309912e5d437623ef27c1f,8508e5e0acffcc27e150b722da061303021bf0872e22f674bbd33c70312ff49a,certified-internal-anchor-2026-v1,2026-08-20T01:43:00.634091+00:00,401856634,2026-09-05,East Carolina,Alabama,Alabama,18.696776,Alabama by 18.7,graded,10,48,38,Alabama,True,19.303224,CollegeFootballData (CFBD)
2026,1,2026.v1,2,final-public,2026-08-20T01:43:00.634091+00:00,0ca42df5e6ca99839a159afb7870cd2f62b61f542b309912e5d437623ef27c1f,8508e5e0acffcc27e150b722da061303021bf0872e22f674bbd33c70312ff49a,certified-internal-anchor-2026-v1,2026-08-20T01:43:00.634091+00:00,401856636,2026-09-05,Baylor,Auburn,Auburn,11.365172,Auburn by 11.4,graded,16,17,1,Auburn,True,10.365172,CollegeFootballData (CFBD)
2026,1,2026.v1,2,final-public,2026-08-20T01:43:00.634091+00:00,0ca42df5e6ca99839a159afb7870cd2f62b61f542b309912e5d437623ef27c1f,8508e5e0acffcc27e150b722da061303021bf0872e22f674bbd33c70312ff49a,certified-internal-anchor-2026-v1,2026-08-20T01:43:00.634091+00:00,401856637,2026-09-05,Florida Atlantic,Florida,Florida,21.891307,Florida by 21.9,graded,21,66,45,Florida,True,23.108693,CollegeFootballData (CFBD)
2026,1,2026.v1,2,final-public,2026-08-20T01:43:00.634091+00:00,0ca42df5e6ca99839a159afb7870cd2f62b61f542b309912e5d437623ef27c1f,8508e5e0acffcc27e150b722da061303021bf0872e22f674bbd33c70312ff49a,certified-internal-anchor-2026-v1,2026-08-20T01:43:00.634091+00:00,401856660,2026-09-05,Clemson,LSU,LSU,4.580383,LSU by 4.6,graded,10,51,41,LSU,True,36.419617,CollegeFootballData (CFBD)
2026,1,2026.v1,2,final-public,2026-08-20T01:43:00.634091+00:00,0ca42df5e6ca99839a159afb7870cd2f62b61f542b309912e5d437623ef27c1f,8508e5e0acffcc27e150b722da061303021bf0872e22f674bbd33c70312ff49a,certified-internal-anchor-2026-v1,2026-08-20T01:43:00.634091+00:00,401856662,2026-09-05,UL Monroe,Mississippi State,Mississippi State,23.898244,Mississippi State by 23.9,graded,13,62,49,Mississippi State,True,25.101756,CollegeFootballData (CFBD)
2026,1,2026.v1,2,final-public,2026-08-20T01:43:00.634091+00:00,0ca42df5e6ca99839a159afb7870cd2f62b61f542b309912e5d437623ef27c1f,8508e5e0acffcc27e150b722da061303021bf0872e22f674bbd33c70312ff49a,certified-internal-anchor-2026-v1,2026-08-20T01:43:00.634091+00:00,401856664,2026-09-05,UTEP,Oklahoma,Oklahoma,28.222391,Oklahoma by 28.2,graded,0,51,51,Oklahoma,True,22.777609,CollegeFootballData (CFBD)
2026,1,2026.v1,2,final-public,2026-08-20T01:43:00.634091+00:00,0ca42df5e6ca99839a159afb7870cd2f62b61f542b309912e5d437623ef27c1f,8508e5e0acffcc27e150b722da061303021bf0872e22f674bbd33c70312ff49a,certified-internal-anchor-2026-v1,2026-08-20T01:43:00.634091+00:00,401856665,2026-09-05,Kent State,South Carolina,South Carolina,26.000375,South Carolina by 26.0,graded,0,57,57,South Carolina,True,30.999625,CollegeFootballData (CFBD)
2026,1,2026.v1,2,final-public,2026-08-20T01:43:00.634091+00:00,0ca42df5e6ca99839a159afb7870cd2f62b61f542b309912e5d437623ef27c1f,8508e5e0acffcc27e150b722da061303021bf0872e22f674bbd33c70312ff49a,certified-internal-anchor-2026-v1,2026-08-20T01:43:00.634091+00:00,401856667,2026-09-05,Texas State,Texas,Texas,20.915761,Texas by 20.9,graded,7,59,52,Texas,True,31.084239,CollegeFootballData (CFBD)
2026,1,2026.v1,2,final-public,2026-08-20T01:43:00.634091+00:00,0ca42df5e6ca99839a159afb7870cd2f62b61f542b309912e5d437623ef27c1f,8508e5e0acffcc27e150b722da061303021bf0872e22f674bbd33c70312ff49a,certified-internal-anchor-2026-v1,2026-08-20T01:43:00.634091+00:00,401856668,2026-09-05,Missouri State,Texas A&M,Texas A&M,30.709567,Texas A&M by 30.7,graded,0,50,50,Texas A&M,True,19.290433,CollegeFootballData (CFBD)
2026,1,2026.v1,2,final-public,2026-08-20T01:43:00.634091+00:00,0ca42df5e6ca99839a159afb7870cd2f62b61f542b309912e5d437623ef27c1f,8508e5e0acffcc27e150b722da061303021bf0872e22f674bbd33c70312ff49a,certified-internal-anchor-2026-v1,2026-08-20T01:43:00.634091+00:00,401856772,2026-09-05,Oklahoma State,Tulsa,Tulsa,0.586262,Tulsa by 0.6,graded,10,24,14,Tulsa,True,13.413738,CollegeFootballData (CFBD)
2026,1,2026.v1,2,final-public,2026-08-20T01:43:00.634091+00:00,0ca42df5e6ca99839a159afb7870cd2f62b61f542b309912e5d437623ef27c1f,8508e5e0acffcc27e150b722da061303021bf0872e22f674bbd33c70312ff49a,certified-internal-anchor-2026-v1,2026-08-20T01:43:00.634091+00:00,401856777,2026-09-05,Boston College,Cincinnati,Cincinnati,9.220669,Cincinnati by 9.2,graded,15,34,19,Cincinnati,True,9.779331,CollegeFootballData (CFBD)
2026,1,2026.v1,2,final-public,2026-08-20T01:43:00.634091+00:00,0ca42df5e6ca99839a159afb7870cd2f62b61f542b309912e5d437623ef27c1f,8508e5e0acffcc27e150b722da061303021bf0872e22f674bbd33c70312ff49a,certified-internal-anchor-2026-v1,2026-08-20T01:43:00.634091+00:00,401856778,2026-09-05,Oregon State,Houston,Houston,8.223124,Houston by 8.2,graded,20,33,13,Houston,True,4.776876,CollegeFootballData (CFBD)
2026,1,2026.v1,2,final-public,2026-08-20T01:43:00.634091+00:00,0ca42df5e6ca99839a159afb7870cd2f62b61f542b309912e5d437623ef27c1f,8508e5e0acffcc27e150b722da061303021bf0872e22f674bbd33c70312ff49a,certified-internal-anchor-2026-v1,2026-08-20T01:43:00.634091+00:00,401856780,2026-09-05,Coastal Carolina,West Virginia,West Virginia,9.664733,West Virginia by 9.7,graded,24,31,7,West Virginia,True,2.664733,CollegeFootballData (CFBD)
2026,1,2026.v1,2,final-public,2026-08-20T01:43:00.634091+00:00,0ca42df5e6ca99839a159afb7870cd2f62b61f542b309912e5d437623ef27c1f,8508e5e0acffcc27e150b722da061303021bf0872e22f674bbd33c70312ff49a,certified-internal-anchor-2026-v1,2026-08-20T01:43:00.634091+00:00,401858206,2026-09-05,Miami,Stanford,Miami,-16.274271,Miami by 16.3,graded,45,6,-39,Miami,True,22.725729,CollegeFootballData (CFBD)
2026,1,2026.v1,2,final-public,2026-08-20T01:43:00.634091+00:00,0ca42df5e6ca99839a159afb7870cd2f62b61f542b309912e5d437623ef27c1f,8508e5e0acffcc27e150b722da061303021bf0872e22f674bbd33c70312ff49a,certified-internal-anchor-2026-v1,2026-08-20T01:43:00.634091+00:00,401858207,2026-09-05,Miami (OH),Pittsburgh,Pittsburgh,11.844066,Pittsburgh by 11.8,graded,14,59,45,Pittsburgh,True,33.155934,CollegeFootballData (CFBD)
2026,1,2026.v1,2,final-public,2026-08-20T01:43:00.634091+00:00,0ca42df5e6ca99839a159afb7870cd2f62b61f542b309912e5d437623ef27c1f,8508e5e0acffcc27e150b722da061303021bf0872e22f674bbd33c70312ff49a,certified-internal-anchor-2026-v1,2026-08-20T01:43:00.634091+00:00,401858209,2026-09-05,Tulane,Duke,Duke,3.109486,Duke by 3.1,graded,3,17,14,Duke,True,10.890514,CollegeFootballData (CFBD)
2026,1,2026.v1,2,final-public,2026-08-20T01:43:00.634091+00:00,0ca42df5e6ca99839a159afb7870cd2f62b61f542b309912e5d437623ef27c1f,8508e5e0acffcc27e150b722da061303021bf0872e22f674bbd33c70312ff49a,certified-internal-anchor-2026-v1,2026-08-20T01:43:00.634091+00:00,401858425,2026-09-05,North Texas,Indiana,Indiana,23.39298,Indiana by 23.4,graded,16,52,36,Indiana,True,12.60702,CollegeFootballData (CFBD)
2026,1,2026.v1,2,final-public,2026-08-20T01:43:00.634091+00:00,0ca42df5e6ca99839a159afb7870cd2f62b61f542b309912e5d437623ef27c1f,8508e5e0acffcc27e150b722da061303021bf0872e22f674bbd33c70312ff49a,certified-internal-anchor-2026-v1,2026-08-20T01:43:00.634091+00:00,401858426,2026-09-05,Northern Illinois,Iowa,Iowa,28.031051,Iowa by 28.0,graded,0,40,40,Iowa,True,11.968949,CollegeFootballData (CFBD)
2026,1,2026.v1,2,final-public,2026-08-20T01:43:00.634091+00:00,0ca42df5e6ca99839a159afb7870cd2f62b61f542b309912e5d437623ef27c1f,8508e5e0acffcc27e150b722da061303021bf0872e22f674bbd33c70312ff49a,certified-internal-anchor-2026-v1,2026-08-20T01:43:00.634091+00:00,401858428,2026-09-05,Western Michigan,Michigan,Michigan,22.141958,Michigan by 22.1,graded,12,13,1,Michigan,True,21.141958,CollegeFootballData (CFBD)
2026,1,2026.v1,2,final-public,2026-08-20T01:43:00.634091+00:00,0ca42df5e6ca99839a159afb7870cd2f62b61f542b309912e5d437623ef27c1f,8508e5e0acffcc27e150b722da061303021bf0872e22f674bbd33c70312ff49a,certified-internal-anchor-2026-v1,2026-08-20T01:43:00.634091+00:00,401858429,2026-09-05,Toledo,Michigan State,Michigan State,3.887037,Michigan State by 3.9,graded,20,30,10,Michigan State,True,6.112963,CollegeFootballData (CFBD)
2026,1,2026.v1,2,final-public,2026-08-20T01:43:00.634091+00:00,0ca42df5e6ca99839a159afb7870cd2f62b61f542b309912e5d437623ef27c1f,8508e5e0acffcc27e150b722da061303021bf0872e22f674bbd33c70312ff49a,certified-internal-anchor-2026-v1,2026-08-20T01:43:00.634091+00:00,401858430,2026-09-05,Ohio,Nebraska,Nebraska,18.118555,Nebraska by 18.1,graded,21,49,28,Nebraska,True,9.881445,CollegeFootballData (CFBD)
2026,1,2026.v1,2,final-public,2026-08-20T01:43:00.634091+00:00,0ca42df5e6ca99839a159afb7870cd2f62b61f542b309912e5d437623ef27c1f,8508e5e0acffcc27e150b722da061303021bf0872e22f674bbd33c70312ff49a,certified-internal-anchor-2026-v1,2026-08-20T01:43:00.634091+00:00,401858432,2026-09-05,Ball State,Ohio State,Ohio State,41.794906,Ohio State by 41.8,graded,3,56,53,Ohio State,True,11.205094,CollegeFootballData (CFBD)
2026,1,2026.v1,2,final-public,2026-08-20T01:43:00.634091+00:00,0ca42df5e6ca99839a159afb7870cd2f62b61f542b309912e5d437623ef27c1f,8508e5e0acffcc27e150b722da061303021bf0872e22f674bbd33c70312ff49a,certified-internal-anchor-2026-v1,2026-08-20T01:43:00.634091+00:00,401858433,2026-09-05,Boise State,Oregon,Oregon,24.904795,Oregon by 24.9,graded,27,34,7,Oregon,True,17.904795,CollegeFootballData (CFBD)
2026,1,2026.v1,2,final-public,2026-08-20T01:43:00.634091+00:00,0ca42df5e6ca99839a159afb7870cd2f62b61f542b309912e5d437623ef27c1f,8508e5e0acffcc27e150b722da061303021bf0872e22f674bbd33c70312ff49a,certified-internal-anchor-2026-v1,2026-08-20T01:43:00.634091+00:00,401858434,2026-09-05,Marshall,Penn State,Penn State,22.049358,Penn State by 22.0,graded,0,45,45,Penn State,True,22.950642,CollegeFootballData (CFBD)
2026,1,2026.v1,2,final-public,2026-08-20T01:43:00.634091+00:00,0ca42df5e6ca99839a159afb7870cd2f62b61f542b309912e5d437623ef27c1f,8508e5e0acffcc27e150b722da061303021bf0872e22f674bbd33c70312ff49a,certified-internal-anchor-2026-v1,2026-08-20T01:43:00.634091+00:00,401858436,2026-09-05,Fresno State,USC,USC,22.002089,USC by 22.0,graded,0,39,39,USC,True,16.997911,CollegeFootballData (CFBD)
2026,1,2026.v1,2,final-public,2026-08-20T01:43:00.634091+00:00,0ca42df5e6ca99839a159afb7870cd2f62b61f542b309912e5d437623ef27c1f,8508e5e0acffcc27e150b722da061303021bf0872e22f674bbd33c70312ff49a,certified-internal-anchor-2026-v1,2026-08-20T01:43:00.634091+00:00,401860878,2026-09-05,Wyoming,Colorado State,Colorado State,4.782814,Colorado State by 4.8,graded,13,35,22,Colorado State,True,17.217186,CollegeFootballData (CFBD)
2026,1,2026.v1,2,final-public,2026-08-20T01:43:00.634091+00:00,0ca42df5e6ca99839a159afb7870cd2f62b61f542b309912e5d437623ef27c1f,8508e5e0acffcc27e150b722da061303021bf0872e22f674bbd33c70312ff49a,certified-internal-anchor-2026-v1,2026-08-20T01:43:00.634091+00:00,401862695,2026-09-05,Arkansas State,Memphis,Memphis,10.720715,Memphis by 10.7,graded,24,42,18,Memphis,True,7.279285,CollegeFootballData (CFBD)
2026,1,2026.v1,2,final-public,2026-08-20T01:43:00.634091+00:00,0ca42df5e6ca99839a159afb7870cd2f62b61f542b309912e5d437623ef27c1f,8508e5e0acffcc27e150b722da061303021bf0872e22f674bbd33c70312ff49a,certified-internal-anchor-2026-v1,2026-08-20T01:43:00.634091+00:00,401862699,2026-09-05,Florida International,South Florida,South Florida,18.406566,South Florida by 18.4,graded,9,19,10,South Florida,True,8.406566,CollegeFootballData (CFBD)
2026,1,2026.v1,2,final-public,2026-08-20T01:43:00.634091+00:00,0ca42df5e6ca99839a159afb7870cd2f62b61f542b309912e5d437623ef27c1f,8508e5e0acffcc27e150b722da061303021bf0872e22f674bbd33c70312ff49a,certified-internal-anchor-2026-v1,2026-08-20T01:43:00.634091+00:00,401869960,2026-09-05,Liberty,James Madison,James Madison,17.536976,James Madison by 17.5,graded,13,20,7,James Madison,True,10.536976,CollegeFootballData (CFBD)
2026,1,2026.v1,2,final-public,2026-08-20T01:43:00.634091+00:00,0ca42df5e6ca99839a159afb7870cd2f62b61f542b309912e5d437623ef27c1f,8508e5e0acffcc27e150b722da061303021bf0872e22f674bbd33c70312ff49a,certified-internal-anchor-2026-v1,2026-08-20T01:43:00.634091+00:00,401870763,2026-09-05,Sam Houston,Troy,Troy,11.29125,Troy by 11.3,graded,21,24,3,Troy,True,8.29125,CollegeFootballData (CFBD)
2026,1,2026.v1,2,final-public,2026-08-20T01:43:00.634091+00:00,0ca42df5e6ca99839a159afb7870cd2f62b61f542b309912e5d437623ef27c1f,8508e5e0acffcc27e150b722da061303021bf0872e22f674bbd33c70312ff49a,certified-internal-anchor-2026-v1,2026-08-20T01:43:00.634091+00:00,401856661,2026-09-06,Louisville,Ole Miss,Ole Miss,4.696413,Ole Miss by 4.7,graded,38,41,3,Ole Miss,True,1.696413,CollegeFootballData (CFBD)
2026,1,2026.v1,2,final-public,2026-08-20T01:43:00.634091+00:00,0ca42df5e6ca99839a159afb7870cd2f62b61f542b309912e5d437623ef27c1f,8508e5e0acffcc27e150b722da061303021bf0872e22f674bbd33c70312ff49a,certified-internal-anchor-2026-v1,2026-08-20T01:43:00.634091+00:00,401858210,2026-09-06,UCLA,California,California,0.9435,California by 0.9,graded,45,24,-21,UCLA,False,21.9435,CollegeFootballData (CFBD)
2026,1,2026.v1,2,final-public,2026-08-20T01:43:00.634091+00:00,0ca42df5e6ca99839a159afb7870cd2f62b61f542b309912e5d437623ef27c1f,8508e5e0acffcc27e150b722da061303021bf0872e22f674bbd33c70312ff49a,certified-internal-anchor-2026-v1,2026-08-20T01:43:00.634091+00:00,401858437,2026-09-06,Washington State,Washington,Washington,14.01269,Washington by 14.0,graded,10,24,14,Washington,True,0.01269,CollegeFootballData (CFBD)
2026,1,2026.v1,2,final-public,2026-08-20T01:43:00.634091+00:00,0ca42df5e6ca99839a159afb7870cd2f62b61f542b309912e5d437623ef27c1f,8508e5e0acffcc27e150b722da061303021bf0872e22f674bbd33c70312ff49a,certified-internal-anchor-2026-v1,2026-08-20T01:43:00.634091+00:00,401858438,2026-09-06,Notre Dame,Wisconsin,Notre Dame,-15.817002,Notre Dame by 15.8,graded,41,13,-28,Notre Dame,True,12.182998,CollegeFootballData (CFBD)
2026,1,2026.v1,2,final-public,2026-08-20T01:43:00.634091+00:00,0ca42df5e6ca99839a159afb7870cd2f62b61f542b309912e5d437623ef27c1f,8508e5e0acffcc27e150b722da061303021bf0872e22f674bbd33c70312ff49a,certified-internal-anchor-2026-v1,2026-08-20T01:43:00.634091+00:00,401864432,2026-09-06,Western Kentucky,Nevada,Western Kentucky,-3.048054,Western Kentucky by 3.0,graded,14,49,35,Nevada,False,38.048054,CollegeFootballData (CFBD)
2026,1,2026.v1,2,final-public,2026-08-20T01:43:00.634091+00:00,0ca42df5e6ca99839a159afb7870cd2f62b61f542b309912e5d437623ef27c1f,8508e5e0acffcc27e150b722da061303021bf0872e22f674bbd33c70312ff49a,certified-internal-anchor-2026-v1,2026-08-20T01:43:00.634091+00:00,401864497,2026-09-06,UNLV,Hawai'i,UNLV,-1.960813,UNLV by 2.0,graded,21,6,-15,UNLV,True,13.039187,CollegeFootballData (CFBD)
2026,1,2026.v1,2,final-public,2026-08-20T01:43:00.634091+00:00,0ca42df5e6ca99839a159afb7870cd2f62b61f542b309912e5d437623ef27c1f,8508e5e0acffcc27e150b722da061303021bf0872e22f674bbd33c70312ff49a,certified-internal-anchor-2026-v1,2026-08-20T01:43:00.634091+00:00,401864498,2026-09-06,Central Michigan,New Mexico,New Mexico,5.255147,New Mexico by 5.3,graded,7,38,31,New Mexico,True,25.744853,CollegeFootballData (CFBD)
2026,1,2026.v1,2,final-public,2026-08-20T01:43:00.634091+00:00,0ca42df5e6ca99839a159afb7870cd2f62b61f542b309912e5d437623ef27c1f,8508e5e0acffcc27e150b722da061303021bf0872e22f674bbd33c70312ff49a,certified-internal-anchor-2026-v1,2026-08-20T01:43:00.634091+00:00,401858212,2026-09-07,SMU,Florida State,Florida State,7.221145,Florida State by 7.2,graded,27,24,-3,SMU,False,10.221145,CollegeFootballData (CFBD)
2026,2,2026.v1,2,final-public,2026-09-08T16:19:51.259056+00:00,94efc57aaf397b550d9f12af89e3bdc6b8567513a87aa115db68601c240698ac,f5f4053c1e1cc3974292c65c3d9e29cafc28513d17818a19cea6fefe5532ff6a,corrected-week1-derived-inputs-2026-week2,2026-09-08T16:19:51.259056+00:00,401858214,2026-09-11,Rutgers,Boston College,Rutgers,-1.250209,Rutgers by 1.3,graded,21,28,7,Boston College,False,8.250209,CollegeFootballData (CFBD)
2026,2,2026.v1,2,final-public,2026-09-08T16:19:51.259056+00:00,94efc57aaf397b550d9f12af89e3bdc6b8567513a87aa115db68601c240698ac,f5f4053c1e1cc3974292c65c3d9e29cafc28513d17818a19cea6fefe5532ff6a,corrected-week1-derived-inputs-2026-week2,2026-09-08T16:19:51.259056+00:00,401856671,2026-09-12,Southern Miss,Auburn,Auburn,15.544674,Auburn by 15.5,graded,8,43,35,Auburn,True,19.455326,CollegeFootballData (CFBD)
2026,2,2026.v1,2,final-public,2026-09-08T16:19:51.259056+00:00,94efc57aaf397b550d9f12af89e3bdc6b8567513a87aa115db68601c240698ac,f5f4053c1e1cc3974292c65c3d9e29cafc28513d17818a19cea6fefe5532ff6a,corrected-week1-derived-inputs-2026-week2,2026-09-08T16:19:51.259056+00:00,401856673,2026-09-12,Western Kentucky,Georgia,Georgia,27.801516,Georgia by 27.8,graded,20,70,50,Georgia,True,22.198484,CollegeFootballData (CFBD)
2026,2,2026.v1,2,final-public,2026-09-08T16:19:51.259056+00:00,94efc57aaf397b550d9f12af89e3bdc6b8567513a87aa115db68601c240698ac,f5f4053c1e1cc3974292c65c3d9e29cafc28513d17818a19cea6fefe5532ff6a,corrected-week1-derived-inputs-2026-week2,2026-09-08T16:19:51.259056+00:00,401856674,2026-09-12,Alabama,Kentucky,Alabama,-8.581085,Alabama by 8.6,graded,45,17,-28,Alabama,True,19.418915,CollegeFootballData (CFBD)
2026,2,2026.v1,2,final-public,2026-09-08T16:19:51.259056+00:00,94efc57aaf397b550d9f12af89e3bdc6b8567513a87aa115db68601c240698ac,f5f4053c1e1cc3974292c65c3d9e29cafc28513d17818a19cea6fefe5532ff6a,corrected-week1-derived-inputs-2026-week2,2026-09-08T16:19:51.259056+00:00,401856676,2026-09-12,Charlotte,Ole Miss,Ole Miss,25.797532,Ole Miss by 25.8,graded,9,41,32,Ole Miss,True,6.202468,CollegeFootballData (CFBD)
2026,2,2026.v1,2,final-public,2026-09-08T16:19:51.259056+00:00,94efc57aaf397b550d9f12af89e3bdc6b8567513a87aa115db68601c240698ac,f5f4053c1e1cc3974292c65c3d9e29cafc28513d17818a19cea6fefe5532ff6a,corrected-week1-derived-inputs-2026-week2,2026-09-08T16:19:51.259056+00:00,401856677,2026-09-12,Mississippi State,Minnesota,Minnesota,0.013889,Minnesota by <0.1,graded,38,13,-25,Mississippi State,False,25.013889,CollegeFootballData (CFBD)
2026,2,2026.v1,2,final-public,2026-09-08T16:19:51.259056+00:00,94efc57aaf397b550d9f12af89e3bdc6b8567513a87aa115db68601c240698ac,f5f4053c1e1cc3974292c65c3d9e29cafc28513d17818a19cea6fefe5532ff6a,corrected-week1-derived-inputs-2026-week2,2026-09-08T16:19:51.259056+00:00,401856678,2026-09-12,Missouri,Kansas,Missouri,-0.96279,Missouri by 1.0,graded,38,21,-17,Missouri,True,16.03721,CollegeFootballData (CFBD)
2026,2,2026.v1,2,final-public,2026-09-08T16:19:51.259056+00:00,94efc57aaf397b550d9f12af89e3bdc6b8567513a87aa115db68601c240698ac,f5f4053c1e1cc3974292c65c3d9e29cafc28513d17818a19cea6fefe5532ff6a,corrected-week1-derived-inputs-2026-week2,2026-09-08T16:19:51.259056+00:00,401856679,2026-09-12,Oklahoma,Michigan,Oklahoma,-0.036183,Oklahoma by <0.1,graded,10,17,7,Michigan,False,7.036183,CollegeFootballData (CFBD)
2026,2,2026.v1,2,final-public,2026-09-08T16:19:51.259056+00:00,94efc57aaf397b550d9f12af89e3bdc6b8567513a87aa115db68601c240698ac,f5f4053c1e1cc3974292c65c3d9e29cafc28513d17818a19cea6fefe5532ff6a,corrected-week1-derived-inputs-2026-week2,2026-09-08T16:19:51.259056+00:00,401856681,2026-09-12,Tennessee,Georgia Tech,Tennessee,-5.132703,Tennessee by 5.1,graded,45,24,-21,Tennessee,True,15.867297,CollegeFootballData (CFBD)
2026,2,2026.v1,2,final-public,2026-09-08T16:19:51.259056+00:00,94efc57aaf397b550d9f12af89e3bdc6b8567513a87aa115db68601c240698ac,f5f4053c1e1cc3974292c65c3d9e29cafc28513d17818a19cea6fefe5532ff6a,corrected-week1-derived-inputs-2026-week2,2026-09-08T16:19:51.259056+00:00,401856682,2026-09-12,Ohio State,Texas,Ohio State,-6.285466,Ohio State by 6.3,graded,23,24,1,Texas,False,7.285466,CollegeFootballData (CFBD)
2026,2,2026.v1,2,final-public,2026-09-08T16:19:51.259056+00:00,94efc57aaf397b550d9f12af89e3bdc6b8567513a87aa115db68601c240698ac,f5f4053c1e1cc3974292c65c3d9e29cafc28513d17818a19cea6fefe5532ff6a,corrected-week1-derived-inputs-2026-week2,2026-09-08T16:19:51.259056+00:00,401856683,2026-09-12,Arizona State,Texas A&M,Texas A&M,12.425623,Texas A&M by 12.4,graded,20,48,28,Texas A&M,True,15.574377,CollegeFootballData (CFBD)
2026,2,2026.v1,2,final-public,2026-09-08T16:19:51.259056+00:00,94efc57aaf397b550d9f12af89e3bdc6b8567513a87aa115db68601c240698ac,f5f4053c1e1cc3974292c65c3d9e29cafc28513d17818a19cea6fefe5532ff6a,corrected-week1-derived-inputs-2026-week2,2026-09-08T16:19:51.259056+00:00,401856684,2026-09-12,Delaware,Vanderbilt,Vanderbilt,25.885325,Vanderbilt by 25.9,graded,26,35,9,Vanderbilt,True,16.885325,CollegeFootballData (CFBD)
2026,2,2026.v1,2,final-public,2026-09-08T16:19:51.259056+00:00,94efc57aaf397b550d9f12af89e3bdc6b8567513a87aa115db68601c240698ac,f5f4053c1e1cc3974292c65c3d9e29cafc28513d17818a19cea6fefe5532ff6a,corrected-week1-derived-inputs-2026-week2,2026-09-08T16:19:51.259056+00:00,401856781,2026-09-12,Washington State,Kansas State,Kansas State,14.424371,Kansas State by 14.4,graded,7,34,27,Kansas State,True,12.575629,CollegeFootballData (CFBD)
2026,2,2026.v1,2,final-public,2026-09-08T16:19:51.259056+00:00,94efc57aaf397b550d9f12af89e3bdc6b8567513a87aa115db68601c240698ac,f5f4053c1e1cc3974292c65c3d9e29cafc28513d17818a19cea6fefe5532ff6a,corrected-week1-derived-inputs-2026-week2,2026-09-08T16:19:51.259056+00:00,401856782,2026-09-12,Oregon,Oklahoma State,Oregon,-21.009644,Oregon by 21.0,graded,31,39,8,Oklahoma State,False,29.009644,CollegeFootballData (CFBD)
2026,2,2026.v1,2,final-public,2026-09-08T16:19:51.259056+00:00,94efc57aaf397b550d9f12af89e3bdc6b8567513a87aa115db68601c240698ac,f5f4053c1e1cc3974292c65c3d9e29cafc28513d17818a19cea6fefe5532ff6a,corrected-week1-derived-inputs-2026-week2,2026-09-08T16:19:51.259056+00:00,401856783,2026-09-12,Texas Tech,Oregon State,Texas Tech,-20.462565,Texas Tech by 20.5,graded,35,24,-11,Texas Tech,True,9.462565,CollegeFootballData (CFBD)
2026,2,2026.v1,2,final-public,2026-09-08T16:19:51.259056+00:00,94efc57aaf397b550d9f12af89e3bdc6b8567513a87aa115db68601c240698ac,f5f4053c1e1cc3974292c65c3d9e29cafc28513d17818a19cea6fefe5532ff6a,corrected-week1-derived-inputs-2026-week2,2026-09-08T16:19:51.259056+00:00,401856788,2026-09-12,Iowa State,Iowa,Iowa,5.213138,Iowa by 5.2,graded,13,16,3,Iowa,True,2.213138,CollegeFootballData (CFBD)
2026,2,2026.v1,2,final-public,2026-09-08T16:19:51.259056+00:00,94efc57aaf397b550d9f12af89e3bdc6b8567513a87aa115db68601c240698ac,f5f4053c1e1cc3974292c65c3d9e29cafc28513d17818a19cea6fefe5532ff6a,corrected-week1-derived-inputs-2026-week2,2026-09-08T16:19:51.259056+00:00,401856790,2026-09-12,UCF,Pittsburgh,Pittsburgh,7.075591,Pittsburgh by 7.1,graded,7,12,5,Pittsburgh,True,2.075591,CollegeFootballData (CFBD)
2026,2,2026.v1,2,final-public,2026-09-08T16:19:51.259056+00:00,94efc57aaf397b550d9f12af89e3bdc6b8567513a87aa115db68601c240698ac,f5f4053c1e1cc3974292c65c3d9e29cafc28513d17818a19cea6fefe5532ff6a,corrected-week1-derived-inputs-2026-week2,2026-09-08T16:19:51.259056+00:00,401856810,2026-09-12,Arizona,BYU,BYU,6.197466,BYU by 6.2,graded,17,28,11,BYU,True,4.802534,CollegeFootballData (CFBD)
2026,2,2026.v1,2,final-public,2026-09-08T16:19:51.259056+00:00,94efc57aaf397b550d9f12af89e3bdc6b8567513a87aa115db68601c240698ac,f5f4053c1e1cc3974292c65c3d9e29cafc28513d17818a19cea6fefe5532ff6a,corrected-week1-derived-inputs-2026-week2,2026-09-08T16:19:51.259056+00:00,401858216,2026-09-12,California,Syracuse,Syracuse,8.380735,Syracuse by 8.4,graded,21,18,-3,California,False,11.380735,CollegeFootballData (CFBD)
2026,2,2026.v1,2,final-public,2026-09-08T16:19:51.259056+00:00,94efc57aaf397b550d9f12af89e3bdc6b8567513a87aa115db68601c240698ac,f5f4053c1e1cc3974292c65c3d9e29cafc28513d17818a19cea6fefe5532ff6a,corrected-week1-derived-inputs-2026-week2,2026-09-08T16:19:51.259056+00:00,401858217,2026-09-12,Duke,Illinois,Illinois,4.914905,Illinois by 4.9,graded,31,27,-4,Duke,False,8.914905,CollegeFootballData (CFBD)
2026,2,2026.v1,2,final-public,2026-09-08T16:19:51.259056+00:00,94efc57aaf397b550d9f12af89e3bdc6b8567513a87aa115db68601c240698ac,f5f4053c1e1cc3974292c65c3d9e29cafc28513d17818a19cea6fefe5532ff6a,corrected-week1-derived-inputs-2026-week2,2026-09-08T16:19:51.259056+00:00,401858219,2026-09-12,Georgia Southern,Clemson,Clemson,14.116253,Clemson by 14.1,graded,7,22,15,Clemson,True,0.883747,CollegeFootballData (CFBD)
2026,2,2026.v1,2,final-public,2026-09-08T16:19:51.259056+00:00,94efc57aaf397b550d9f12af89e3bdc6b8567513a87aa115db68601c240698ac,f5f4053c1e1cc3974292c65c3d9e29cafc28513d17818a19cea6fefe5532ff6a,corrected-week1-derived-inputs-2026-week2,2026-09-08T16:19:51.259056+00:00,401858221,2026-09-12,Old Dominion,Virginia Tech,Virginia Tech,5.376762,Virginia Tech by 5.4,graded,21,44,23,Virginia Tech,True,17.623238,CollegeFootballData (CFBD)
2026,2,2026.v1,2,final-public,2026-09-08T16:19:51.259056+00:00,94efc57aaf397b550d9f12af89e3bdc6b8567513a87aa115db68601c240698ac,f5f4053c1e1cc3974292c65c3d9e29cafc28513d17818a19cea6fefe5532ff6a,corrected-week1-derived-inputs-2026-week2,2026-09-08T16:19:51.259056+00:00,401858224,2026-09-12,Wake Forest,Purdue,Purdue,1.505636,Purdue by 1.5,graded,38,36,-2,Wake Forest,False,3.505636,CollegeFootballData (CFBD)
2026,2,2026.v1,2,final-public,2026-09-08T16:19:51.259056+00:00,94efc57aaf397b550d9f12af89e3bdc6b8567513a87aa115db68601c240698ac,f5f4053c1e1cc3974292c65c3d9e29cafc28513d17818a19cea6fefe5532ff6a,corrected-week1-derived-inputs-2026-week2,2026-09-08T16:19:51.259056+00:00,401858440,2026-09-12,Eastern Michigan,Michigan State,Michigan State,14.737269,Michigan State by 14.7,graded,7,35,28,Michigan State,True,13.262731,CollegeFootballData (CFBD)
2026,2,2026.v1,2,final-public,2026-09-08T16:19:51.259056+00:00,94efc57aaf397b550d9f12af89e3bdc6b8567513a87aa115db68601c240698ac,f5f4053c1e1cc3974292c65c3d9e29cafc28513d17818a19cea6fefe5532ff6a,corrected-week1-derived-inputs-2026-week2,2026-09-08T16:19:51.259056+00:00,401858441,2026-09-12,Bowling Green,Nebraska,Nebraska,18.710886,Nebraska by 18.7,graded,7,56,49,Nebraska,True,30.289114,CollegeFootballData (CFBD)
2026,2,2026.v1,2,final-public,2026-09-08T16:19:51.259056+00:00,94efc57aaf397b550d9f12af89e3bdc6b8567513a87aa115db68601c240698ac,f5f4053c1e1cc3974292c65c3d9e29cafc28513d17818a19cea6fefe5532ff6a,corrected-week1-derived-inputs-2026-week2,2026-09-08T16:19:51.259056+00:00,401858442,2026-09-12,Penn State,Temple,Penn State,-17.707218,Penn State by 17.7,graded,27,9,-18,Penn State,True,0.292782,CollegeFootballData (CFBD)
2026,2,2026.v1,2,final-public,2026-09-08T16:19:51.259056+00:00,94efc57aaf397b550d9f12af89e3bdc6b8567513a87aa115db68601c240698ac,f5f4053c1e1cc3974292c65c3d9e29cafc28513d17818a19cea6fefe5532ff6a,corrected-week1-derived-inputs-2026-week2,2026-09-08T16:19:51.259056+00:00,401858443,2026-09-12,San Diego State,UCLA,UCLA,2.847841,UCLA by 2.8,graded,10,28,18,UCLA,True,15.152159,CollegeFootballData (CFBD)
2026,2,2026.v1,2,final-public,2026-09-08T16:19:51.259056+00:00,94efc57aaf397b550d9f12af89e3bdc6b8567513a87aa115db68601c240698ac,f5f4053c1e1cc3974292c65c3d9e29cafc28513d17818a19cea6fefe5532ff6a,corrected-week1-derived-inputs-2026-week2,2026-09-08T16:19:51.259056+00:00,401858444,2026-09-12,Maryland,UConn,Maryland,-0.450377,Maryland by 0.5,graded,38,14,-24,Maryland,True,23.549623,CollegeFootballData (CFBD)
2026,2,2026.v1,2,final-public,2026-09-08T16:19:51.259056+00:00,94efc57aaf397b550d9f12af89e3bdc6b8567513a87aa115db68601c240698ac,f5f4053c1e1cc3974292c65c3d9e29cafc28513d17818a19cea6fefe5532ff6a,corrected-week1-derived-inputs-2026-week2,2026-09-08T16:19:51.259056+00:00,401858446,2026-09-12,Utah State,Washington,Washington,20.307855,Washington by 20.3,graded,14,16,2,Washington,True,18.307855,CollegeFootballData (CFBD)
2026,2,2026.v1,2,final-public,2026-09-08T16:19:51.259056+00:00,94efc57aaf397b550d9f12af89e3bdc6b8567513a87aa115db68601c240698ac,f5f4053c1e1cc3974292c65c3d9e29cafc28513d17818a19cea6fefe5532ff6a,corrected-week1-derived-inputs-2026-week2,2026-09-08T16:19:51.259056+00:00,401859184,2026-09-12,Rice,Notre Dame,Notre Dame,28.446286,Notre Dame by 28.4,graded,0,52,52,Notre Dame,True,23.553714,CollegeFootballData (CFBD)
2026,2,2026.v1,2,final-public,2026-09-08T16:19:51.259056+00:00,94efc57aaf397b550d9f12af89e3bdc6b8567513a87aa115db68601c240698ac,f5f4053c1e1cc3974292c65c3d9e29cafc28513d17818a19cea6fefe5532ff6a,corrected-week1-derived-inputs-2026-week2,2026-09-08T16:19:51.259056+00:00,401860881,2026-09-12,Memphis,Boise State,Boise State,2.733809,Boise State by 2.7,graded,20,38,18,Boise State,True,15.266191,CollegeFootballData (CFBD)
2026,2,2026.v1,2,final-public,2026-09-08T16:19:51.259056+00:00,94efc57aaf397b550d9f12af89e3bdc6b8567513a87aa115db68601c240698ac,f5f4053c1e1cc3974292c65c3d9e29cafc28513d17818a19cea6fefe5532ff6a,corrected-week1-derived-inputs-2026-week2,2026-09-08T16:19:51.259056+00:00,401860884,2026-09-12,UTSA,Texas State,UTSA,-5.086772,UTSA by 5.1,graded,31,26,-5,UTSA,True,0.086772,CollegeFootballData (CFBD)
2026,2,2026.v1,2,final-public,2026-09-08T16:19:51.259056+00:00,94efc57aaf397b550d9f12af89e3bdc6b8567513a87aa115db68601c240698ac,f5f4053c1e1cc3974292c65c3d9e29cafc28513d17818a19cea6fefe5532ff6a,corrected-week1-derived-inputs-2026-week2,2026-09-08T16:19:51.259056+00:00,401862702,2026-09-12,South Florida,Army,South Florida,-6.88879,South Florida by 6.9,graded,28,24,-4,South Florida,True,2.88879,CollegeFootballData (CFBD)
2026,2,2026.v1,2,final-public,2026-09-08T16:19:51.259056+00:00,94efc57aaf397b550d9f12af89e3bdc6b8567513a87aa115db68601c240698ac,f5f4053c1e1cc3974292c65c3d9e29cafc28513d17818a19cea6fefe5532ff6a,corrected-week1-derived-inputs-2026-week2,2026-09-08T16:19:51.259056+00:00,401862703,2026-09-12,Navy,Florida Atlantic,Navy,-9.21149,Navy by 9.2,graded,30,38,8,Florida Atlantic,False,17.21149,CollegeFootballData (CFBD)
2026,2,2026.v1,2,final-public,2026-09-08T16:19:51.259056+00:00,94efc57aaf397b550d9f12af89e3bdc6b8567513a87aa115db68601c240698ac,f5f4053c1e1cc3974292c65c3d9e29cafc28513d17818a19cea6fefe5532ff6a,corrected-week1-derived-inputs-2026-week2,2026-09-08T16:19:51.259056+00:00,401862705,2026-09-12,UNLV,North Texas,North Texas,10.839693,North Texas by 10.8,graded,6,44,38,North Texas,True,27.160307,CollegeFootballData (CFBD)
2026,2,2026.v1,2,final-public,2026-09-08T16:19:51.259056+00:00,94efc57aaf397b550d9f12af89e3bdc6b8567513a87aa115db68601c240698ac,f5f4053c1e1cc3974292c65c3d9e29cafc28513d17818a19cea6fefe5532ff6a,corrected-week1-derived-inputs-2026-week2,2026-09-08T16:19:51.259056+00:00,401862707,2026-09-12,Tulsa,Sam Houston,Tulsa,-7.694936,Tulsa by 7.7,graded,23,17,-6,Tulsa,True,1.694936,CollegeFootballData (CFBD)
2026,2,2026.v1,2,final-public,2026-09-08T16:19:51.259056+00:00,94efc57aaf397b550d9f12af89e3bdc6b8567513a87aa115db68601c240698ac,f5f4053c1e1cc3974292c65c3d9e29cafc28513d17818a19cea6fefe5532ff6a,corrected-week1-derived-inputs-2026-week2,2026-09-08T16:19:51.259056+00:00,401862708,2026-09-12,UL Monroe,UAB,UAB,9.740457,UAB by 9.7,graded,20,26,6,UAB,True,3.740457,CollegeFootballData (CFBD)
2026,2,2026.v1,2,final-public,2026-09-08T16:19:51.259056+00:00,94efc57aaf397b550d9f12af89e3bdc6b8567513a87aa115db68601c240698ac,f5f4053c1e1cc3974292c65c3d9e29cafc28513d17818a19cea6fefe5532ff6a,corrected-week1-derived-inputs-2026-week2,2026-09-08T16:19:51.259056+00:00,401864571,2026-09-12,App State,East Carolina,East Carolina,6.28396,East Carolina by 6.3,graded,27,24,-3,App State,False,9.28396,CollegeFootballData (CFBD)
2026,2,2026.v1,2,final-public,2026-09-08T16:19:51.259056+00:00,94efc57aaf397b550d9f12af89e3bdc6b8567513a87aa115db68601c240698ac,f5f4053c1e1cc3974292c65c3d9e29cafc28513d17818a19cea6fefe5532ff6a,corrected-week1-derived-inputs-2026-week2,2026-09-08T16:19:51.259056+00:00,401864575,2026-09-12,South Alabama,Tulane,Tulane,8.960753,Tulane by 9.0,graded,24,28,4,Tulane,True,4.960753,CollegeFootballData (CFBD)
2026,2,2026.v1,2,final-public,2026-09-08T16:19:51.259056+00:00,94efc57aaf397b550d9f12af89e3bdc6b8567513a87aa115db68601c240698ac,f5f4053c1e1cc3974292c65c3d9e29cafc28513d17818a19cea6fefe5532ff6a,corrected-week1-derived-inputs-2026-week2,2026-09-08T16:19:51.259056+00:00,401866414,2026-09-12,Buffalo,Florida International,Florida International,5.00167,Florida International by 5.0,graded,20,33,13,Florida International,True,7.99833,CollegeFootballData (CFBD)
2026,2,2026.v1,2,final-public,2026-09-08T16:19:51.259056+00:00,94efc57aaf397b550d9f12af89e3bdc6b8567513a87aa115db68601c240698ac,f5f4053c1e1cc3974292c65c3d9e29cafc28513d17818a19cea6fefe5532ff6a,corrected-week1-derived-inputs-2026-week2,2026-09-08T16:19:51.259056+00:00,401866418,2026-09-12,Jacksonville State,Ohio,Ohio,2.81376,Ohio by 2.8,graded,27,29,2,Ohio,True,0.81376,CollegeFootballData (CFBD)
2026,2,2026.v1,2,final-public,2026-09-08T16:19:51.259056+00:00,94efc57aaf397b550d9f12af89e3bdc6b8567513a87aa115db68601c240698ac,f5f4053c1e1cc3974292c65c3d9e29cafc28513d17818a19cea6fefe5532ff6a,corrected-week1-derived-inputs-2026-week2,2026-09-08T16:19:51.259056+00:00,401867796,2026-09-12,Louisiana Tech,LSU,LSU,16.770053,LSU by 16.8,graded,14,45,31,LSU,True,14.229947,CollegeFootballData (CFBD)
2026,2,2026.v1,2,final-public,2026-09-08T16:19:51.259056+00:00,94efc57aaf397b550d9f12af89e3bdc6b8567513a87aa115db68601c240698ac,f5f4053c1e1cc3974292c65c3d9e29cafc28513d17818a19cea6fefe5532ff6a,corrected-week1-derived-inputs-2026-week2,2026-09-08T16:19:51.259056+00:00,401869955,2026-09-12,Georgia State,Kennesaw State,Kennesaw State,1.659706,Kennesaw State by 1.7,graded,31,17,-14,Georgia State,False,15.659706,CollegeFootballData (CFBD)
2026,2,2026.v1,2,final-public,2026-09-08T16:19:51.259056+00:00,94efc57aaf397b550d9f12af89e3bdc6b8567513a87aa115db68601c240698ac,f5f4053c1e1cc3974292c65c3d9e29cafc28513d17818a19cea6fefe5532ff6a,corrected-week1-derived-inputs-2026-week2,2026-09-08T16:19:51.259056+00:00,401871045,2026-09-12,Middle Tennessee,Marshall,Marshall,5.487937,Marshall by 5.5,graded,26,28,2,Marshall,True,3.487937,CollegeFootballData (CFBD)
2026,2,2026.v1,2,final-public,2026-09-08T16:19:51.259056+00:00,94efc57aaf397b550d9f12af89e3bdc6b8567513a87aa115db68601c240698ac,f5f4053c1e1cc3974292c65c3d9e29cafc28513d17818a19cea6fefe5532ff6a,corrected-week1-derived-inputs-2026-week2,2026-09-08T16:19:51.259056+00:00,401856670,2026-09-13,Arkansas,Utah,Utah,13.968472,Utah by 14.0,graded,10,43,33,Utah,True,19.031528,CollegeFootballData (CFBD)
2026,2,2026.v1,2,final-public,2026-09-08T16:19:51.259056+00:00,94efc57aaf397b550d9f12af89e3bdc6b8567513a87aa115db68601c240698ac,f5f4053c1e1cc3974292c65c3d9e29cafc28513d17818a19cea6fefe5532ff6a,corrected-week1-derived-inputs-2026-week2,2026-09-08T16:19:51.259056+00:00,401858445,2026-09-13,Louisiana,USC,USC,26.054926,USC by 26.1,graded,30,49,19,USC,True,7.054926,CollegeFootballData (CFBD)
2026,2,2026.v1,2,final-public,2026-09-08T16:19:51.259056+00:00,94efc57aaf397b550d9f12af89e3bdc6b8567513a87aa115db68601c240698ac,f5f4053c1e1cc3974292c65c3d9e29cafc28513d17818a19cea6fefe5532ff6a,corrected-week1-derived-inputs-2026-week2,2026-09-08T16:19:51.259056+00:00,401860883,2026-09-13,Sacramento State,Fresno State,Fresno State,15.198119,Fresno State by 15.2,graded,3,49,46,Fresno State,True,30.801881,CollegeFootballData (CFBD)
2026,2,2026.v1,2,final-public,2026-09-08T16:19:51.259056+00:00,94efc57aaf397b550d9f12af89e3bdc6b8567513a87aa115db68601c240698ac,f5f4053c1e1cc3974292c65c3d9e29cafc28513d17818a19cea6fefe5532ff6a,corrected-week1-derived-inputs-2026-week2,2026-09-08T16:19:51.259056+00:00,401864502,2026-09-13,North Dakota State,Air Force,North Dakota State,-2.131941,North Dakota State by 2.1,graded,38,32,-6,North Dakota State,True,3.868059,CollegeFootballData (CFBD)
2026,2,2026.v1,2,final-public,2026-09-08T16:19:51.259056+00:00,94efc57aaf397b550d9f12af89e3bdc6b8567513a87aa115db68601c240698ac,f5f4053c1e1cc3974292c65c3d9e29cafc28513d17818a19cea6fefe5532ff6a,corrected-week1-derived-inputs-2026-week2,2026-09-08T16:19:51.259056+00:00,401864578,2026-09-13,New Mexico State,Hawai'i,Hawai'i,4.516235,Hawai'i by 4.5,graded,19,29,10,Hawai'i,True,5.483765,CollegeFootballData (CFBD)
2026,3,2026.v1,1,final-public,2026-09-13T15:46:31.404165+00:00,a942575192c7f72ddd071e488189aedc497448a4a043f81789f354d97f2b11ed,f9230c07a3cf6d217e1b89f75ecc1e5133a4796268fd3ec013334f9ab79fb2be,manual-sunday-2026-week-2-to-3,2026-09-13T15:46:31.404165+00:00,401858225,2026-09-17,Syracuse,Pittsburgh,Pittsburgh,15.88727,Pittsburgh by 15.9,graded,13,27,14,Pittsburgh,True,1.88727,CollegeFootballData (CFBD)
2026,3,2026.v1,1,final-public,2026-09-13T15:46:31.404165+00:00,a942575192c7f72ddd071e488189aedc497448a4a043f81789f354d97f2b11ed,f9230c07a3cf6d217e1b89f75ecc1e5133a4796268fd3ec013334f9ab79fb2be,manual-sunday-2026-week-2-to-3,2026-09-13T15:46:31.404165+00:00,401858226,2026-09-18,Miami,Wake Forest,Miami,-13.52448,Miami by 13.5,graded,33,20,-13,Miami,True,0.52448,CollegeFootballData (CFBD)
2026,3,2026.v1,1,final-public,2026-09-13T15:46:31.404165+00:00,a942575192c7f72ddd071e488189aedc497448a4a043f81789f354d97f2b11ed,f9230c07a3cf6d217e1b89f75ecc1e5133a4796268fd3ec013334f9ab79fb2be,manual-sunday-2026-week-2-to-3,2026-09-13T15:46:31.404165+00:00,401856685,2026-09-19,Florida State,Alabama,Alabama,24.534184,Alabama by 24.5,graded,36,50,14,Alabama,True,10.534184,CollegeFootballData (CFBD)
2026,3,2026.v1,1,final-public,2026-09-13T15:46:31.404165+00:00,a942575192c7f72ddd071e488189aedc497448a4a043f81789f354d97f2b11ed,f9230c07a3cf6d217e1b89f75ecc1e5133a4796268fd3ec013334f9ab79fb2be,manual-sunday-2026-week-2-to-3,2026-09-13T15:46:31.404165+00:00,401856686,2026-09-19,Georgia,Arkansas,Georgia,-13.382323,Georgia by 13.4,graded,45,17,-28,Georgia,True,14.617677,CollegeFootballData (CFBD)
2026,3,2026.v1,1,final-public,2026-09-13T15:46:31.404165+00:00,a942575192c7f72ddd071e488189aedc497448a4a043f81789f354d97f2b11ed,f9230c07a3cf6d217e1b89f75ecc1e5133a4796268fd3ec013334f9ab79fb2be,manual-sunday-2026-week-2-to-3,2026-09-13T15:46:31.404165+00:00,401856687,2026-09-19,Florida,Auburn,Florida,-7.133837,Florida by 7.1,graded,44,39,-5,Florida,True,2.133837,CollegeFootballData (CFBD)
2026,3,2026.v1,1,final-public,2026-09-13T15:46:31.404165+00:00,a942575192c7f72ddd071e488189aedc497448a4a043f81789f354d97f2b11ed,f9230c07a3cf6d217e1b89f75ecc1e5133a4796268fd3ec013334f9ab79fb2be,manual-sunday-2026-week-2-to-3,2026-09-13T15:46:31.404165+00:00,401856688,2026-09-19,LSU,Ole Miss,LSU,-5.388983,LSU by 5.4,graded,24,32,8,Ole Miss,False,13.388983,CollegeFootballData (CFBD)
2026,3,2026.v1,1,final-public,2026-09-13T15:46:31.404165+00:00,a942575192c7f72ddd071e488189aedc497448a4a043f81789f354d97f2b11ed,f9230c07a3cf6d217e1b89f75ecc1e5133a4796268fd3ec013334f9ab79fb2be,manual-sunday-2026-week-2-to-3,2026-09-13T15:46:31.404165+00:00,401856689,2026-09-19,Troy,Missouri,Missouri,11.726412,Missouri by 11.7,graded,17,27,10,Missouri,True,1.726412,CollegeFootballData (CFBD)
2026,3,2026.v1,1,final-public,2026-09-13T15:46:31.404165+00:00,a942575192c7f72ddd071e488189aedc497448a4a043f81789f354d97f2b11ed,f9230c07a3cf6d217e1b89f75ecc1e5133a4796268fd3ec013334f9ab79fb2be,manual-sunday-2026-week-2-to-3,2026-09-13T15:46:31.404165+00:00,401856690,2026-09-19,New Mexico,Oklahoma,Oklahoma,23.878413,Oklahoma by 23.9,graded,6,14,8,Oklahoma,True,15.878413,CollegeFootballData (CFBD)
2026,3,2026.v1,1,final-public,2026-09-13T15:46:31.404165+00:00,a942575192c7f72ddd071e488189aedc497448a4a043f81789f354d97f2b11ed,f9230c07a3cf6d217e1b89f75ecc1e5133a4796268fd3ec013334f9ab79fb2be,manual-sunday-2026-week-2-to-3,2026-09-13T15:46:31.404165+00:00,401856691,2026-09-19,Mississippi State,South Carolina,Mississippi State,-5.314012,Mississippi State by 5.3,graded,41,34,-7,Mississippi State,True,1.685988,CollegeFootballData (CFBD)
2026,3,2026.v1,1,final-public,2026-09-13T15:46:31.404165+00:00,a942575192c7f72ddd071e488189aedc497448a4a043f81789f354d97f2b11ed,f9230c07a3cf6d217e1b89f75ecc1e5133a4796268fd3ec013334f9ab79fb2be,manual-sunday-2026-week-2-to-3,2026-09-13T15:46:31.404165+00:00,401856692,2026-09-19,Kennesaw State,Tennessee,Tennessee,23.827574,Tennessee by 23.8,graded,9,42,33,Tennessee,True,9.172426,CollegeFootballData (CFBD)
2026,3,2026.v1,1,final-public,2026-09-13T15:46:31.404165+00:00,a942575192c7f72ddd071e488189aedc497448a4a043f81789f354d97f2b11ed,f9230c07a3cf6d217e1b89f75ecc1e5133a4796268fd3ec013334f9ab79fb2be,manual-sunday-2026-week-2-to-3,2026-09-13T15:46:31.404165+00:00,401856694,2026-09-19,Kentucky,Texas A&M,Texas A&M,19.732147,Texas A&M by 19.7,graded,31,21,-10,Kentucky,False,29.732147,CollegeFootballData (CFBD)
2026,3,2026.v1,1,final-public,2026-09-13T15:46:31.404165+00:00,a942575192c7f72ddd071e488189aedc497448a4a043f81789f354d97f2b11ed,f9230c07a3cf6d217e1b89f75ecc1e5133a4796268fd3ec013334f9ab79fb2be,manual-sunday-2026-week-2-to-3,2026-09-13T15:46:31.404165+00:00,401856695,2026-09-19,NC State,Vanderbilt,Vanderbilt,12.890258,Vanderbilt by 12.9,graded,31,35,4,Vanderbilt,True,8.890258,CollegeFootballData (CFBD)
2026,3,2026.v1,1,final-public,2026-09-13T15:46:31.404165+00:00,a942575192c7f72ddd071e488189aedc497448a4a043f81789f354d97f2b11ed,f9230c07a3cf6d217e1b89f75ecc1e5133a4796268fd3ec013334f9ab79fb2be,manual-sunday-2026-week-2-to-3,2026-09-13T15:46:31.404165+00:00,401856792,2026-09-19,Tulane,Kansas State,Kansas State,14.99551,Kansas State by 15.0,graded,20,31,11,Kansas State,True,3.99551,CollegeFootballData (CFBD)
2026,3,2026.v1,1,final-public,2026-09-13T15:46:31.404165+00:00,a942575192c7f72ddd071e488189aedc497448a4a043f81789f354d97f2b11ed,f9230c07a3cf6d217e1b89f75ecc1e5133a4796268fd3ec013334f9ab79fb2be,manual-sunday-2026-week-2-to-3,2026-09-13T15:46:31.404165+00:00,401856795,2026-09-19,BYU,Colorado State,BYU,-13.546772,BYU by 13.5,graded,41,23,-18,BYU,True,4.453228,CollegeFootballData (CFBD)
2026,3,2026.v1,1,final-public,2026-09-13T15:46:31.404165+00:00,a942575192c7f72ddd071e488189aedc497448a4a043f81789f354d97f2b11ed,f9230c07a3cf6d217e1b89f75ecc1e5133a4796268fd3ec013334f9ab79fb2be,manual-sunday-2026-week-2-to-3,2026-09-13T15:46:31.404165+00:00,401856796,2026-09-19,Colorado,Northwestern,Northwestern,6.95647,Northwestern by 7.0,graded,7,41,34,Northwestern,True,27.04353,CollegeFootballData (CFBD)
2026,3,2026.v1,1,final-public,2026-09-13T15:46:31.404165+00:00,a942575192c7f72ddd071e488189aedc497448a4a043f81789f354d97f2b11ed,f9230c07a3cf6d217e1b89f75ecc1e5133a4796268fd3ec013334f9ab79fb2be,manual-sunday-2026-week-2-to-3,2026-09-13T15:46:31.404165+00:00,401856797,2026-09-19,Miami (OH),Cincinnati,Cincinnati,14.294349,Cincinnati by 14.3,graded,31,35,4,Cincinnati,True,10.294349,CollegeFootballData (CFBD)
2026,3,2026.v1,1,final-public,2026-09-13T15:46:31.404165+00:00,a942575192c7f72ddd071e488189aedc497448a4a043f81789f354d97f2b11ed,f9230c07a3cf6d217e1b89f75ecc1e5133a4796268fd3ec013334f9ab79fb2be,manual-sunday-2026-week-2-to-3,2026-09-13T15:46:31.404165+00:00,401856798,2026-09-19,Bowling Green,Iowa State,Iowa State,26.251043,Iowa State by 26.3,graded,7,55,48,Iowa State,True,21.748957,CollegeFootballData (CFBD)
2026,3,2026.v1,1,final-public,2026-09-13T15:46:31.404165+00:00,a942575192c7f72ddd071e488189aedc497448a4a043f81789f354d97f2b11ed,f9230c07a3cf6d217e1b89f75ecc1e5133a4796268fd3ec013334f9ab79fb2be,manual-sunday-2026-week-2-to-3,2026-09-13T15:46:31.404165+00:00,401856800,2026-09-19,Georgia State,UCF,UCF,8.732635,UCF by 8.7,graded,30,44,14,UCF,True,5.267365,CollegeFootballData (CFBD)
2026,3,2026.v1,1,final-public,2026-09-13T15:46:31.404165+00:00,a942575192c7f72ddd071e488189aedc497448a4a043f81789f354d97f2b11ed,f9230c07a3cf6d217e1b89f75ecc1e5133a4796268fd3ec013334f9ab79fb2be,manual-sunday-2026-week-2-to-3,2026-09-13T15:46:31.404165+00:00,401856801,2026-09-19,Utah State,Utah,Utah,27.627915,Utah by 27.6,graded,0,33,33,Utah,True,5.372085,CollegeFootballData (CFBD)
2026,3,2026.v1,1,final-public,2026-09-13T15:46:31.404165+00:00,a942575192c7f72ddd071e488189aedc497448a4a043f81789f354d97f2b11ed,f9230c07a3cf6d217e1b89f75ecc1e5133a4796268fd3ec013334f9ab79fb2be,manual-sunday-2026-week-2-to-3,2026-09-13T15:46:31.404165+00:00,401856802,2026-09-19,Virginia,West Virginia,Virginia,-4.258792,Virginia by 4.3,graded,27,38,11,West Virginia,False,15.258792,CollegeFootballData (CFBD)
2026,3,2026.v1,1,final-public,2026-09-13T15:46:31.404165+00:00,a942575192c7f72ddd071e488189aedc497448a4a043f81789f354d97f2b11ed,f9230c07a3cf6d217e1b89f75ecc1e5133a4796268fd3ec013334f9ab79fb2be,manual-sunday-2026-week-2-to-3,2026-09-13T15:46:31.404165+00:00,401856811,2026-09-19,Houston,Texas Tech,Texas Tech,14.389602,Texas Tech by 14.4,graded,26,28,2,Texas Tech,True,12.389602,CollegeFootballData (CFBD)
2026,3,2026.v1,1,final-public,2026-09-13T15:46:31.404165+00:00,a942575192c7f72ddd071e488189aedc497448a4a043f81789f354d97f2b11ed,f9230c07a3cf6d217e1b89f75ecc1e5133a4796268fd3ec013334f9ab79fb2be,manual-sunday-2026-week-2-to-3,2026-09-13T15:46:31.404165+00:00,401856812,2026-09-19,Arizona State,Kansas,Arizona State,-6.511405,Arizona State by 6.5,graded,24,17,-7,Arizona State,True,0.488595,CollegeFootballData (CFBD)
2026,3,2026.v1,1,final-public,2026-09-13T15:46:31.404165+00:00,a942575192c7f72ddd071e488189aedc497448a4a043f81789f354d97f2b11ed,f9230c07a3cf6d217e1b89f75ecc1e5133a4796268fd3ec013334f9ab79fb2be,manual-sunday-2026-week-2-to-3,2026-09-13T15:46:31.404165+00:00,401858229,2026-09-19,North Carolina,Clemson,Clemson,9.882025,Clemson by 9.9,graded,20,28,8,Clemson,True,1.882025,CollegeFootballData (CFBD)
2026,3,2026.v1,1,final-public,2026-09-13T15:46:31.404165+00:00,a942575192c7f72ddd071e488189aedc497448a4a043f81789f354d97f2b11ed,f9230c07a3cf6d217e1b89f75ecc1e5133a4796268fd3ec013334f9ab79fb2be,manual-sunday-2026-week-2-to-3,2026-09-13T15:46:31.404165+00:00,401858230,2026-09-19,SMU,Louisville,Louisville,9.417023,Louisville by 9.4,graded,31,41,10,Louisville,True,0.582977,CollegeFootballData (CFBD)
2026,3,2026.v1,1,final-public,2026-09-13T15:46:31.404165+00:00,a942575192c7f72ddd071e488189aedc497448a4a043f81789f354d97f2b11ed,f9230c07a3cf6d217e1b89f75ecc1e5133a4796268fd3ec013334f9ab79fb2be,manual-sunday-2026-week-2-to-3,2026-09-13T15:46:31.404165+00:00,401858231,2026-09-19,Stanford,Duke,Duke,9.494461,Duke by 9.5,graded,7,35,28,Duke,True,18.505539,CollegeFootballData (CFBD)
2026,3,2026.v1,1,final-public,2026-09-13T15:46:31.404165+00:00,a942575192c7f72ddd071e488189aedc497448a4a043f81789f354d97f2b11ed,f9230c07a3cf6d217e1b89f75ecc1e5133a4796268fd3ec013334f9ab79fb2be,manual-sunday-2026-week-2-to-3,2026-09-13T15:46:31.404165+00:00,401858232,2026-09-19,Virginia Tech,Maryland,Maryland,4.386214,Maryland by 4.4,graded,35,26,-9,Virginia Tech,False,13.386214,CollegeFootballData (CFBD)
2026,3,2026.v1,1,final-public,2026-09-13T15:46:31.404165+00:00,a942575192c7f72ddd071e488189aedc497448a4a043f81789f354d97f2b11ed,f9230c07a3cf6d217e1b89f75ecc1e5133a4796268fd3ec013334f9ab79fb2be,manual-sunday-2026-week-2-to-3,2026-09-13T15:46:31.404165+00:00,401858449,2026-09-19,Western Kentucky,Indiana,Indiana,50.056286,Indiana by 50.1,graded,0,38,38,Indiana,True,12.056286,CollegeFootballData (CFBD)
2026,3,2026.v1,1,final-public,2026-09-13T15:46:31.404165+00:00,a942575192c7f72ddd071e488189aedc497448a4a043f81789f354d97f2b11ed,f9230c07a3cf6d217e1b89f75ecc1e5133a4796268fd3ec013334f9ab79fb2be,manual-sunday-2026-week-2-to-3,2026-09-13T15:46:31.404165+00:00,401858450,2026-09-19,UTEP,Michigan,Michigan,39.277485,Michigan by 39.3,graded,17,52,35,Michigan,True,4.277485,CollegeFootballData (CFBD)
2026,3,2026.v1,1,final-public,2026-09-13T15:46:31.404165+00:00,a942575192c7f72ddd071e488189aedc497448a4a043f81789f354d97f2b11ed,f9230c07a3cf6d217e1b89f75ecc1e5133a4796268fd3ec013334f9ab79fb2be,manual-sunday-2026-week-2-to-3,2026-09-13T15:46:31.404165+00:00,401858451,2026-09-19,Akron,Minnesota,Minnesota,16.376493,Minnesota by 16.4,graded,7,41,34,Minnesota,True,17.623507,CollegeFootballData (CFBD)
2026,3,2026.v1,1,final-public,2026-09-13T15:46:31.404165+00:00,a942575192c7f72ddd071e488189aedc497448a4a043f81789f354d97f2b11ed,f9230c07a3cf6d217e1b89f75ecc1e5133a4796268fd3ec013334f9ab79fb2be,manual-sunday-2026-week-2-to-3,2026-09-13T15:46:31.404165+00:00,401858453,2026-09-19,Michigan State,Notre Dame,Notre Dame,20.153737,Notre Dame by 20.2,graded,10,27,17,Notre Dame,True,3.153737,CollegeFootballData (CFBD)
2026,3,2026.v1,1,final-public,2026-09-13T15:46:31.404165+00:00,a942575192c7f72ddd071e488189aedc497448a4a043f81789f354d97f2b11ed,f9230c07a3cf6d217e1b89f75ecc1e5133a4796268fd3ec013334f9ab79fb2be,manual-sunday-2026-week-2-to-3,2026-09-13T15:46:31.404165+00:00,401858454,2026-09-19,Kent State,Ohio State,Ohio State,52.23637,Ohio State by 52.2,graded,3,59,56,Ohio State,True,3.76363,CollegeFootballData (CFBD)
2026,3,2026.v1,1,final-public,2026-09-13T15:46:31.404165+00:00,a942575192c7f72ddd071e488189aedc497448a4a043f81789f354d97f2b11ed,f9230c07a3cf6d217e1b89f75ecc1e5133a4796268fd3ec013334f9ab79fb2be,manual-sunday-2026-week-2-to-3,2026-09-13T15:46:31.404165+00:00,401858456,2026-09-19,Buffalo,Penn State,Penn State,32.343001,Penn State by 32.3,graded,13,55,42,Penn State,True,9.656999,CollegeFootballData (CFBD)
2026,3,2026.v1,1,final-public,2026-09-13T15:46:31.404165+00:00,a942575192c7f72ddd071e488189aedc497448a4a043f81789f354d97f2b11ed,f9230c07a3cf6d217e1b89f75ecc1e5133a4796268fd3ec013334f9ab79fb2be,manual-sunday-2026-week-2-to-3,2026-09-13T15:46:31.404165+00:00,401858457,2026-09-19,USC,Rutgers,USC,-20.822649,USC by 20.8,graded,42,35,-7,USC,True,13.822649,CollegeFootballData (CFBD)
2026,3,2026.v1,1,final-public,2026-09-13T15:46:31.404165+00:00,a942575192c7f72ddd071e488189aedc497448a4a043f81789f354d97f2b11ed,f9230c07a3cf6d217e1b89f75ecc1e5133a4796268fd3ec013334f9ab79fb2be,manual-sunday-2026-week-2-to-3,2026-09-13T15:46:31.404165+00:00,401858460,2026-09-19,Eastern Michigan,Wisconsin,Wisconsin,21.390689,Wisconsin by 21.4,graded,10,54,44,Wisconsin,True,22.609311,CollegeFootballData (CFBD)
2026,3,2026.v1,1,final-public,2026-09-13T15:46:31.404165+00:00,a942575192c7f72ddd071e488189aedc497448a4a043f81789f354d97f2b11ed,f9230c07a3cf6d217e1b89f75ecc1e5133a4796268fd3ec013334f9ab79fb2be,manual-sunday-2026-week-2-to-3,2026-09-13T15:46:31.404165+00:00,401860889,2026-09-19,North Texas,Texas State,North Texas,-15.428516,North Texas by 15.4,graded,35,49,14,Texas State,False,29.428516,CollegeFootballData (CFBD)
2026,3,2026.v1,1,final-public,2026-09-13T15:46:31.404165+00:00,a942575192c7f72ddd071e488189aedc497448a4a043f81789f354d97f2b11ed,f9230c07a3cf6d217e1b89f75ecc1e5133a4796268fd3ec013334f9ab79fb2be,manual-sunday-2026-week-2-to-3,2026-09-13T15:46:31.404165+00:00,401861963,2026-09-19,UConn,Southern Miss,UConn,-0.901708,UConn by 0.9,graded,48,20,-28,UConn,True,27.098292,CollegeFootballData (CFBD)
2026,3,2026.v1,1,final-public,2026-09-13T15:46:31.404165+00:00,a942575192c7f72ddd071e488189aedc497448a4a043f81789f354d97f2b11ed,f9230c07a3cf6d217e1b89f75ecc1e5133a4796268fd3ec013334f9ab79fb2be,manual-sunday-2026-week-2-to-3,2026-09-13T15:46:31.404165+00:00,401862710,2026-09-19,East Carolina,Old Dominion,Old Dominion,3.557439,Old Dominion by 3.6,graded,20,17,-3,East Carolina,False,6.557439,CollegeFootballData (CFBD)
2026,3,2026.v1,1,final-public,2026-09-13T15:46:31.404165+00:00,a942575192c7f72ddd071e488189aedc497448a4a043f81789f354d97f2b11ed,f9230c07a3cf6d217e1b89f75ecc1e5133a4796268fd3ec013334f9ab79fb2be,manual-sunday-2026-week-2-to-3,2026-09-13T15:46:31.404165+00:00,401862771,2026-09-19,Florida International,Florida Atlantic,Florida Atlantic,5.912766,Florida Atlantic by 5.9,graded,10,16,6,Florida Atlantic,True,0.087234,CollegeFootballData (CFBD)
2026,3,2026.v1,1,final-public,2026-09-13T15:46:31.404165+00:00,a942575192c7f72ddd071e488189aedc497448a4a043f81789f354d97f2b11ed,f9230c07a3cf6d217e1b89f75ecc1e5133a4796268fd3ec013334f9ab79fb2be,manual-sunday-2026-week-2-to-3,2026-09-13T15:46:31.404165+00:00,401862773,2026-09-19,Western Michigan,Rice,Western Michigan,-16.825836,Western Michigan by 16.8,graded,28,21,-7,Western Michigan,True,9.825836,CollegeFootballData (CFBD)
2026,3,2026.v1,1,final-public,2026-09-13T15:46:31.404165+00:00,a942575192c7f72ddd071e488189aedc497448a4a043f81789f354d97f2b11ed,f9230c07a3cf6d217e1b89f75ecc1e5133a4796268fd3ec013334f9ab79fb2be,manual-sunday-2026-week-2-to-3,2026-09-13T15:46:31.404165+00:00,401862774,2026-09-19,Temple,Toledo,Toledo,7.984737,Toledo by 8.0,graded,48,49,1,Toledo,True,6.984737,CollegeFootballData (CFBD)
2026,3,2026.v1,1,final-public,2026-09-13T15:46:31.404165+00:00,a942575192c7f72ddd071e488189aedc497448a4a043f81789f354d97f2b11ed,f9230c07a3cf6d217e1b89f75ecc1e5133a4796268fd3ec013334f9ab79fb2be,manual-sunday-2026-week-2-to-3,2026-09-13T15:46:31.404165+00:00,401864443,2026-09-19,Nevada,Middle Tennessee,Nevada,-5.320597,Nevada by 5.3,graded,20,27,7,Middle Tennessee,False,12.320597,CollegeFootballData (CFBD)
2026,3,2026.v1,1,final-public,2026-09-13T15:46:31.404165+00:00,a942575192c7f72ddd071e488189aedc497448a4a043f81789f354d97f2b11ed,f9230c07a3cf6d217e1b89f75ecc1e5133a4796268fd3ec013334f9ab79fb2be,manual-sunday-2026-week-2-to-3,2026-09-13T15:46:31.404165+00:00,401864508,2026-09-19,Wyoming,Central Michigan,Wyoming,-4.66721,Wyoming by 4.7,graded,10,24,14,Central Michigan,False,18.66721,CollegeFootballData (CFBD)
2026,3,2026.v1,1,final-public,2026-09-13T15:46:31.404165+00:00,a942575192c7f72ddd071e488189aedc497448a4a043f81789f354d97f2b11ed,f9230c07a3cf6d217e1b89f75ecc1e5133a4796268fd3ec013334f9ab79fb2be,manual-sunday-2026-week-2-to-3,2026-09-13T15:46:31.404165+00:00,401864574,2026-09-19,Charlotte,App State,App State,10.115783,App State by 10.1,graded,21,26,5,App State,True,5.115783,CollegeFootballData (CFBD)
2026,3,2026.v1,1,final-public,2026-09-13T15:46:31.404165+00:00,a942575192c7f72ddd071e488189aedc497448a4a043f81789f354d97f2b11ed,f9230c07a3cf6d217e1b89f75ecc1e5133a4796268fd3ec013334f9ab79fb2be,manual-sunday-2026-week-2-to-3,2026-09-13T15:46:31.404165+00:00,401866422,2026-09-19,Ball State,Liberty,Liberty,17.094814,Liberty by 17.1,graded,15,51,36,Liberty,True,18.905186,CollegeFootballData (CFBD)
2026,3,2026.v1,1,final-public,2026-09-13T15:46:31.404165+00:00,a942575192c7f72ddd071e488189aedc497448a4a043f81789f354d97f2b11ed,f9230c07a3cf6d217e1b89f75ecc1e5133a4796268fd3ec013334f9ab79fb2be,manual-sunday-2026-week-2-to-3,2026-09-13T15:46:31.404165+00:00,401866423,2026-09-19,Ohio,South Alabama,South Alabama,1.924621,South Alabama by 1.9,graded,36,41,5,South Alabama,True,3.075379,CollegeFootballData (CFBD)
2026,3,2026.v1,1,final-public,2026-09-13T15:46:31.404165+00:00,a942575192c7f72ddd071e488189aedc497448a4a043f81789f354d97f2b11ed,f9230c07a3cf6d217e1b89f75ecc1e5133a4796268fd3ec013334f9ab79fb2be,manual-sunday-2026-week-2-to-3,2026-09-13T15:46:31.404165+00:00,401867804,2026-09-19,Louisiana Tech,Baylor,Baylor,12.847348,Baylor by 12.8,graded,19,36,17,Baylor,True,4.152652,CollegeFootballData (CFBD)
2026,3,2026.v1,1,final-public,2026-09-13T15:46:31.404165+00:00,a942575192c7f72ddd071e488189aedc497448a4a043f81789f354d97f2b11ed,f9230c07a3cf6d217e1b89f75ecc1e5133a4796268fd3ec013334f9ab79fb2be,manual-sunday-2026-week-2-to-3,2026-09-13T15:46:31.404165+00:00,401869940,2026-09-19,Coastal Carolina,Delaware,Coastal Carolina,-7.414663,Coastal Carolina by 7.4,graded,14,22,8,Delaware,False,15.414663,CollegeFootballData (CFBD)
2026,3,2026.v1,1,final-public,2026-09-13T15:46:31.404165+00:00,a942575192c7f72ddd071e488189aedc497448a4a043f81789f354d97f2b11ed,f9230c07a3cf6d217e1b89f75ecc1e5133a4796268fd3ec013334f9ab79fb2be,manual-sunday-2026-week-2-to-3,2026-09-13T15:46:31.404165+00:00,401869948,2026-09-19,Georgia Southern,Jacksonville State,Jacksonville State,0.736148,Jacksonville State by 0.7,graded,27,31,4,Jacksonville State,True,3.263852,CollegeFootballData (CFBD)
2026,3,2026.v1,1,final-public,2026-09-13T15:46:31.404165+00:00,a942575192c7f72ddd071e488189aedc497448a4a043f81789f354d97f2b11ed,f9230c07a3cf6d217e1b89f75ecc1e5133a4796268fd3ec013334f9ab79fb2be,manual-sunday-2026-week-2-to-3,2026-09-13T15:46:31.404165+00:00,401871047,2026-09-19,Marshall,Missouri State,Marshall,-1.427521,Marshall by 1.4,graded,30,24,-6,Marshall,True,4.572479,CollegeFootballData (CFBD)
2026,3,2026.v1,1,final-public,2026-09-13T15:46:31.404165+00:00,a942575192c7f72ddd071e488189aedc497448a4a043f81789f354d97f2b11ed,f9230c07a3cf6d217e1b89f75ecc1e5133a4796268fd3ec013334f9ab79fb2be,manual-sunday-2026-week-2-to-3,2026-09-13T15:46:31.404165+00:00,401856693,2026-09-20,UTSA,Texas,Texas,20.920261,Texas by 20.9,graded,6,30,24,Texas,True,3.079739,CollegeFootballData (CFBD)
2026,3,2026.v1,1,final-public,2026-09-13T15:46:31.404165+00:00,a942575192c7f72ddd071e488189aedc497448a4a043f81789f354d97f2b11ed,f9230c07a3cf6d217e1b89f75ecc1e5133a4796268fd3ec013334f9ab79fb2be,manual-sunday-2026-week-2-to-3,2026-09-13T15:46:31.404165+00:00,401856793,2026-09-20,Northern Illinois,Arizona,Arizona,27.403925,Arizona by 27.4,graded,17,42,25,Arizona,True,2.403925,CollegeFootballData (CFBD)
2026,3,2026.v1,1,final-public,2026-09-13T15:46:31.404165+00:00,a942575192c7f72ddd071e488189aedc497448a4a043f81789f354d97f2b11ed,f9230c07a3cf6d217e1b89f75ecc1e5133a4796268fd3ec013334f9ab79fb2be,manual-sunday-2026-week-2-to-3,2026-09-13T15:46:31.404165+00:00,401856799,2026-09-20,Arkansas State,TCU,TCU,17.799849,TCU by 17.8,graded,7,31,24,TCU,True,6.200151,CollegeFootballData (CFBD)
2026,3,2026.v1,1,final-public,2026-09-13T15:46:31.404165+00:00,a942575192c7f72ddd071e488189aedc497448a4a043f81789f354d97f2b11ed,f9230c07a3cf6d217e1b89f75ecc1e5133a4796268fd3ec013334f9ab79fb2be,manual-sunday-2026-week-2-to-3,2026-09-13T15:46:31.404165+00:00,401858458,2026-09-20,Purdue,UCLA,UCLA,8.607627,UCLA by 8.6,graded,38,52,14,UCLA,True,5.392373,CollegeFootballData (CFBD)
2026,3,2026.v1,1,final-public,2026-09-13T15:46:31.404165+00:00,a942575192c7f72ddd071e488189aedc497448a4a043f81789f354d97f2b11ed,f9230c07a3cf6d217e1b89f75ecc1e5133a4796268fd3ec013334f9ab79fb2be,manual-sunday-2026-week-2-to-3,2026-09-13T15:46:31.404165+00:00,401860887,2026-09-20,James Madison,San Diego State,James Madison,-4.136612,James Madison by 4.1,graded,26,13,-13,James Madison,True,8.863388,CollegeFootballData (CFBD)
2026,3,2026.v1,1,final-public,2026-09-13T15:46:31.404165+00:00,a942575192c7f72ddd071e488189aedc497448a4a043f81789f354d97f2b11ed,f9230c07a3cf6d217e1b89f75ecc1e5133a4796268fd3ec013334f9ab79fb2be,manual-sunday-2026-week-2-to-3,2026-09-13T15:46:31.404165+00:00,401860888,2026-09-20,Fresno State,San José State,San José State,0.987897,San José State by 1.0,graded,26,10,-16,Fresno State,False,16.987897,CollegeFootballData (CFBD)
2026,3,2026.v1,1,final-public,2026-09-13T15:46:31.404165+00:00,a942575192c7f72ddd071e488189aedc497448a4a043f81789f354d97f2b11ed,f9230c07a3cf6d217e1b89f75ecc1e5133a4796268fd3ec013334f9ab79fb2be,manual-sunday-2026-week-2-to-3,2026-09-13T15:46:31.404165+00:00,401862776,2026-09-20,UAB,Louisiana,Louisiana,11.445071,Louisiana by 11.4,graded,14,21,7,Louisiana,True,4.445071,CollegeFootballData (CFBD)
2026,3,2026.v1,1,final-public,2026-09-13T15:46:31.404165+00:00,a942575192c7f72ddd071e488189aedc497448a4a043f81789f354d97f2b11ed,f9230c07a3cf6d217e1b89f75ecc1e5133a4796268fd3ec013334f9ab79fb2be,manual-sunday-2026-week-2-to-3,2026-09-13T15:46:31.404165+00:00,401864507,2026-09-20,North Dakota State,Sacramento State,North Dakota State,-24.051153,North Dakota State by 24.1,graded,31,10,-21,North Dakota State,True,3.051153,CollegeFootballData (CFBD)
2026,4,2026.v2,1,final-public,2026-09-20T17:17:55.012913+00:00,e7f4731bf48a869df86f1bdf8402b4d1aaa44f756d1ddb512d6c40eeb0eb1015,767195b32330a86dbce819f7be3e7e42efec2c67c160c9f659d66be6a41d924c,manual-sunday-2026-week-3-to-4,2026-09-20T17:17:55.012913+00:00,401869941,2026-09-24,Liberty,Coastal Carolina,Liberty,-5.549941,Liberty by 5.5,graded,34,17,-17,Liberty,True,11.450059,CollegeFootballData (CFBD)
2026,4,2026.v2,1,final-public,2026-09-20T17:17:55.012913+00:00,e7f4731bf48a869df86f1bdf8402b4d1aaa44f756d1ddb512d6c40eeb0eb1015,767195b32330a86dbce819f7be3e7e42efec2c67c160c9f659d66be6a41d924c,manual-sunday-2026-week-3-to-4,2026-09-20T17:17:55.012913+00:00,401862778,2026-09-25,Navy,UAB,UAB,6.119108,UAB by 6.1,graded,20,24,4,UAB,True,2.119108,CollegeFootballData (CFBD)
2026,4,2026.v2,1,final-public,2026-09-20T17:17:55.012913+00:00,e7f4731bf48a869df86f1bdf8402b4d1aaa44f756d1ddb512d6c40eeb0eb1015,767195b32330a86dbce819f7be3e7e42efec2c67c160c9f659d66be6a41d924c,manual-sunday-2026-week-3-to-4,2026-09-20T17:17:55.012913+00:00,401862779,2026-09-25,Army,Temple,Temple,3.11945,Temple by 3.1,graded,21,17,-4,Army,False,7.11945,CollegeFootballData (CFBD)
2026,4,2026.v2,1,final-public,2026-09-20T17:17:55.012913+00:00,e7f4731bf48a869df86f1bdf8402b4d1aaa44f756d1ddb512d6c40eeb0eb1015,767195b32330a86dbce819f7be3e7e42efec2c67c160c9f659d66be6a41d924c,manual-sunday-2026-week-3-to-4,2026-09-20T17:17:55.012913+00:00,401856696,2026-09-26,South Carolina,Alabama,Alabama,20.836885,Alabama by 20.8,graded,18,49,31,Alabama,True,10.163115,CollegeFootballData (CFBD)
2026,4,2026.v2,1,final-public,2026-09-20T17:17:55.012913+00:00,e7f4731bf48a869df86f1bdf8402b4d1aaa44f756d1ddb512d6c40eeb0eb1015,767195b32330a86dbce819f7be3e7e42efec2c67c160c9f659d66be6a41d924c,manual-sunday-2026-week-3-to-4,2026-09-20T17:17:55.012913+00:00,401856698,2026-09-26,Vanderbilt,Auburn,Auburn,8.609438,Auburn by 8.6,graded,15,21,6,Auburn,True,2.609438,CollegeFootballData (CFBD)
2026,4,2026.v2,1,final-public,2026-09-20T17:17:55.012913+00:00,e7f4731bf48a869df86f1bdf8402b4d1aaa44f756d1ddb512d6c40eeb0eb1015,767195b32330a86dbce819f7be3e7e42efec2c67c160c9f659d66be6a41d924c,manual-sunday-2026-week-3-to-4,2026-09-20T17:17:55.012913+00:00,401856699,2026-09-26,Ole Miss,Florida,Ole Miss,-2.192976,Ole Miss by 2.2,graded,28,52,24,Florida,False,26.192976,CollegeFootballData (CFBD)
2026,4,2026.v2,1,final-public,2026-09-20T17:17:55.012913+00:00,e7f4731bf48a869df86f1bdf8402b4d1aaa44f756d1ddb512d6c40eeb0eb1015,767195b32330a86dbce819f7be3e7e42efec2c67c160c9f659d66be6a41d924c,manual-sunday-2026-week-3-to-4,2026-09-20T17:17:55.012913+00:00,401856700,2026-09-26,Oklahoma,Georgia,Georgia,8.32366,Georgia by 8.3,graded,13,41,28,Georgia,True,19.67634,CollegeFootballData (CFBD)
2026,4,2026.v2,1,final-public,2026-09-20T17:17:55.012913+00:00,e7f4731bf48a869df86f1bdf8402b4d1aaa44f756d1ddb512d6c40eeb0eb1015,767195b32330a86dbce819f7be3e7e42efec2c67c160c9f659d66be6a41d924c,manual-sunday-2026-week-3-to-4,2026-09-20T17:17:55.012913+00:00,401856702,2026-09-26,Texas A&M,LSU,LSU,7.684436,LSU by 7.7,graded,6,35,29,LSU,True,21.315564,CollegeFootballData (CFBD)
2026,4,2026.v2,1,final-public,2026-09-20T17:17:55.012913+00:00,e7f4731bf48a869df86f1bdf8402b4d1aaa44f756d1ddb512d6c40eeb0eb1015,767195b32330a86dbce819f7be3e7e42efec2c67c160c9f659d66be6a41d924c,manual-sunday-2026-week-3-to-4,2026-09-20T17:17:55.012913+00:00,401856703,2026-09-26,Missouri,Mississippi State,Mississippi State,6.199584,Mississippi State by 6.2,graded,24,31,7,Mississippi State,True,0.800416,CollegeFootballData (CFBD)
2026,4,2026.v2,1,final-public,2026-09-20T17:17:55.012913+00:00,e7f4731bf48a869df86f1bdf8402b4d1aaa44f756d1ddb512d6c40eeb0eb1015,767195b32330a86dbce819f7be3e7e42efec2c67c160c9f659d66be6a41d924c,manual-sunday-2026-week-3-to-4,2026-09-20T17:17:55.012913+00:00,401856704,2026-09-26,Texas,Tennessee,Texas,-5.282248,Texas by 5.3,graded,20,17,-3,Texas,True,2.282248,CollegeFootballData (CFBD)
2026,4,2026.v2,1,final-public,2026-09-20T17:17:55.012913+00:00,e7f4731bf48a869df86f1bdf8402b4d1aaa44f756d1ddb512d6c40eeb0eb1015,767195b32330a86dbce819f7be3e7e42efec2c67c160c9f659d66be6a41d924c,manual-sunday-2026-week-3-to-4,2026-09-20T17:17:55.012913+00:00,401856804,2026-09-26,Arizona,Washington State,Arizona,-7.231815,Arizona by 7.2,graded,34,24,-10,Arizona,True,2.768185,CollegeFootballData (CFBD)
2026,4,2026.v2,1,final-public,2026-09-20T17:17:55.012913+00:00,e7f4731bf48a869df86f1bdf8402b4d1aaa44f756d1ddb512d6c40eeb0eb1015,767195b32330a86dbce819f7be3e7e42efec2c67c160c9f659d66be6a41d924c,manual-sunday-2026-week-3-to-4,2026-09-20T17:17:55.012913+00:00,401856805,2026-09-26,Sam Houston,Texas Tech,Texas Tech,21.845472,Texas Tech by 21.8,graded,14,49,35,Texas Tech,True,13.154528,CollegeFootballData (CFBD)
2026,4,2026.v2,1,final-public,2026-09-20T17:17:55.012913+00:00,e7f4731bf48a869df86f1bdf8402b4d1aaa44f756d1ddb512d6c40eeb0eb1015,767195b32330a86dbce819f7be3e7e42efec2c67c160c9f659d66be6a41d924c,manual-sunday-2026-week-3-to-4,2026-09-20T17:17:55.012913+00:00,401856806,2026-09-26,Houston,Georgia Southern,Houston,-2.718725,Houston by 2.7,graded,42,28,-14,Houston,True,11.281275,CollegeFootballData (CFBD)
2026,4,2026.v2,1,final-public,2026-09-20T17:17:55.012913+00:00,e7f4731bf48a869df86f1bdf8402b4d1aaa44f756d1ddb512d6c40eeb0eb1015,767195b32330a86dbce819f7be3e7e42efec2c67c160c9f659d66be6a41d924c,manual-sunday-2026-week-3-to-4,2026-09-20T17:17:55.012913+00:00,401856813,2026-09-26,Colorado,Baylor,Baylor,6.340733,Baylor by 6.3,graded,13,23,10,Baylor,True,3.659267,CollegeFootballData (CFBD)
2026,4,2026.v2,1,final-public,2026-09-20T17:17:55.012913+00:00,e7f4731bf48a869df86f1bdf8402b4d1aaa44f756d1ddb512d6c40eeb0eb1015,767195b32330a86dbce819f7be3e7e42efec2c67c160c9f659d66be6a41d924c,manual-sunday-2026-week-3-to-4,2026-09-20T17:17:55.012913+00:00,401856814,2026-09-26,Kansas State,Cincinnati,Kansas State,-5.223796,Kansas State by 5.2,graded,26,31,5,Cincinnati,False,10.223796,CollegeFootballData (CFBD)
2026,4,2026.v2,1,final-public,2026-09-20T17:17:55.012913+00:00,e7f4731bf48a869df86f1bdf8402b4d1aaa44f756d1ddb512d6c40eeb0eb1015,767195b32330a86dbce819f7be3e7e42efec2c67c160c9f659d66be6a41d924c,manual-sunday-2026-week-3-to-4,2026-09-20T17:17:55.012913+00:00,401856815,2026-09-26,TCU,UCF,UCF,0.232505,UCF by 0.2,graded,13,21,8,UCF,True,7.767495,CollegeFootballData (CFBD)
2026,4,2026.v2,1,final-public,2026-09-20T17:17:55.012913+00:00,e7f4731bf48a869df86f1bdf8402b4d1aaa44f756d1ddb512d6c40eeb0eb1015,767195b32330a86dbce819f7be3e7e42efec2c67c160c9f659d66be6a41d924c,manual-sunday-2026-week-3-to-4,2026-09-20T17:17:55.012913+00:00,401856816,2026-09-26,Utah,Iowa State,Utah,-0.791536,Utah by 0.8,graded,31,17,-14,Utah,True,13.208464,CollegeFootballData (CFBD)
2026,4,2026.v2,1,final-public,2026-09-20T17:17:55.012913+00:00,e7f4731bf48a869df86f1bdf8402b4d1aaa44f756d1ddb512d6c40eeb0eb1015,767195b32330a86dbce819f7be3e7e42efec2c67c160c9f659d66be6a41d924c,manual-sunday-2026-week-3-to-4,2026-09-20T17:17:55.012913+00:00,401856881,2026-09-26,Oklahoma State,West Virginia,West Virginia,7.587495,West Virginia by 7.6,graded,41,24,-17,Oklahoma State,False,24.587495,CollegeFootballData (CFBD)
2026,4,2026.v2,1,final-public,2026-09-20T17:17:55.012913+00:00,e7f4731bf48a869df86f1bdf8402b4d1aaa44f756d1ddb512d6c40eeb0eb1015,767195b32330a86dbce819f7be3e7e42efec2c67c160c9f659d66be6a41d924c,manual-sunday-2026-week-3-to-4,2026-09-20T17:17:55.012913+00:00,401858234,2026-09-26,Clemson,California,Clemson,-8.264916,Clemson by 8.3,graded,24,10,-14,Clemson,True,5.735084,CollegeFootballData (CFBD)
2026,4,2026.v2,1,final-public,2026-09-20T17:17:55.012913+00:00,e7f4731bf48a869df86f1bdf8402b4d1aaa44f756d1ddb512d6c40eeb0eb1015,767195b32330a86dbce819f7be3e7e42efec2c67c160c9f659d66be6a41d924c,manual-sunday-2026-week-3-to-4,2026-09-20T17:17:55.012913+00:00,401858238,2026-09-26,Central Michigan,Miami,Miami,29.478808,Miami by 29.5,graded,3,52,49,Miami,True,19.521192,CollegeFootballData (CFBD)
2026,4,2026.v2,1,final-public,2026-09-20T17:17:55.012913+00:00,e7f4731bf48a869df86f1bdf8402b4d1aaa44f756d1ddb512d6c40eeb0eb1015,767195b32330a86dbce819f7be3e7e42efec2c67c160c9f659d66be6a41d924c,manual-sunday-2026-week-3-to-4,2026-09-20T17:17:55.012913+00:00,401858239,2026-09-26,Delaware,Virginia,Virginia,16.753234,Virginia by 16.8,graded,3,42,39,Virginia,True,22.246766,CollegeFootballData (CFBD)
2026,4,2026.v2,1,final-public,2026-09-20T17:17:55.012913+00:00,e7f4731bf48a869df86f1bdf8402b4d1aaa44f756d1ddb512d6c40eeb0eb1015,767195b32330a86dbce819f7be3e7e42efec2c67c160c9f659d66be6a41d924c,manual-sunday-2026-week-3-to-4,2026-09-20T17:17:55.012913+00:00,401858242,2026-09-26,Virginia Tech,Boston College,Virginia Tech,-6.223128,Virginia Tech by 6.2,graded,21,14,-7,Virginia Tech,True,0.776872,CollegeFootballData (CFBD)
2026,4,2026.v2,1,final-public,2026-09-20T17:17:55.012913+00:00,e7f4731bf48a869df86f1bdf8402b4d1aaa44f756d1ddb512d6c40eeb0eb1015,767195b32330a86dbce819f7be3e7e42efec2c67c160c9f659d66be6a41d924c,manual-sunday-2026-week-3-to-4,2026-09-20T17:17:55.012913+00:00,401858243,2026-09-26,Wake Forest,Louisville,Louisville,17.162755,Louisville by 17.2,graded,30,27,-3,Wake Forest,False,20.162755,CollegeFootballData (CFBD)
2026,4,2026.v2,1,final-public,2026-09-20T17:17:55.012913+00:00,e7f4731bf48a869df86f1bdf8402b4d1aaa44f756d1ddb512d6c40eeb0eb1015,767195b32330a86dbce819f7be3e7e42efec2c67c160c9f659d66be6a41d924c,manual-sunday-2026-week-3-to-4,2026-09-20T17:17:55.012913+00:00,401858461,2026-09-26,Northwestern,Indiana,Indiana,11.774796,Indiana by 11.8,graded,23,29,6,Indiana,True,5.774796,CollegeFootballData (CFBD)
2026,4,2026.v2,1,final-public,2026-09-20T17:17:55.012913+00:00,e7f4731bf48a869df86f1bdf8402b4d1aaa44f756d1ddb512d6c40eeb0eb1015,767195b32330a86dbce819f7be3e7e42efec2c67c160c9f659d66be6a41d924c,manual-sunday-2026-week-3-to-4,2026-09-20T17:17:55.012913+00:00,401858462,2026-09-26,UCLA,Maryland,UCLA,-4.503457,UCLA by 4.5,graded,54,3,-51,UCLA,True,46.496543,CollegeFootballData (CFBD)
2026,4,2026.v2,1,final-public,2026-09-20T17:17:55.012913+00:00,e7f4731bf48a869df86f1bdf8402b4d1aaa44f756d1ddb512d6c40eeb0eb1015,767195b32330a86dbce819f7be3e7e42efec2c67c160c9f659d66be6a41d924c,manual-sunday-2026-week-3-to-4,2026-09-20T17:17:55.012913+00:00,401858463,2026-09-26,Iowa,Michigan,Michigan,6.658713,Michigan by 6.7,graded,20,19,-1,Iowa,False,7.658713,CollegeFootballData (CFBD)
2026,4,2026.v2,1,final-public,2026-09-20T17:17:55.012913+00:00,e7f4731bf48a869df86f1bdf8402b4d1aaa44f756d1ddb512d6c40eeb0eb1015,767195b32330a86dbce819f7be3e7e42efec2c67c160c9f659d66be6a41d924c,manual-sunday-2026-week-3-to-4,2026-09-20T17:17:55.012913+00:00,401858464,2026-09-26,Nebraska,Michigan State,Nebraska,-6.735103,Nebraska by 6.7,graded,31,13,-18,Nebraska,True,11.264897,CollegeFootballData (CFBD)
2026,4,2026.v2,1,final-public,2026-09-20T17:17:55.012913+00:00,e7f4731bf48a869df86f1bdf8402b4d1aaa44f756d1ddb512d6c40eeb0eb1015,767195b32330a86dbce819f7be3e7e42efec2c67c160c9f659d66be6a41d924c,manual-sunday-2026-week-3-to-4,2026-09-20T17:17:55.012913+00:00,401858465,2026-09-26,Illinois,Ohio State,Ohio State,17.371007,Ohio State by 17.4,graded,19,42,23,Ohio State,True,5.628993,CollegeFootballData (CFBD)
2026,4,2026.v2,1,final-public,2026-09-20T17:17:55.012913+00:00,e7f4731bf48a869df86f1bdf8402b4d1aaa44f756d1ddb512d6c40eeb0eb1015,767195b32330a86dbce819f7be3e7e42efec2c67c160c9f659d66be6a41d924c,manual-sunday-2026-week-3-to-4,2026-09-20T17:17:55.012913+00:00,401858466,2026-09-26,Wisconsin,Penn State,Penn State,13.599977,Penn State by 13.6,graded,24,20,-4,Wisconsin,False,17.599977,CollegeFootballData (CFBD)
2026,4,2026.v2,1,final-public,2026-09-20T17:17:55.012913+00:00,e7f4731bf48a869df86f1bdf8402b4d1aaa44f756d1ddb512d6c40eeb0eb1015,767195b32330a86dbce819f7be3e7e42efec2c67c160c9f659d66be6a41d924c,manual-sunday-2026-week-3-to-4,2026-09-20T17:17:55.012913+00:00,401858467,2026-09-26,Notre Dame,Purdue,Notre Dame,-23.167461,Notre Dame by 23.2,graded,49,10,-39,Notre Dame,True,15.832539,CollegeFootballData (CFBD)
2026,4,2026.v2,1,final-public,2026-09-20T17:17:55.012913+00:00,e7f4731bf48a869df86f1bdf8402b4d1aaa44f756d1ddb512d6c40eeb0eb1015,767195b32330a86dbce819f7be3e7e42efec2c67c160c9f659d66be6a41d924c,manual-sunday-2026-week-3-to-4,2026-09-20T17:17:55.012913+00:00,401858469,2026-09-26,Oregon,USC,USC,7.695797,USC by 7.7,graded,41,27,-14,Oregon,False,21.695797,CollegeFootballData (CFBD)
2026,4,2026.v2,1,final-public,2026-09-20T17:17:55.012913+00:00,e7f4731bf48a869df86f1bdf8402b4d1aaa44f756d1ddb512d6c40eeb0eb1015,767195b32330a86dbce819f7be3e7e42efec2c67c160c9f659d66be6a41d924c,manual-sunday-2026-week-3-to-4,2026-09-20T17:17:55.012913+00:00,401860893,2026-09-26,San Diego State,Toledo,Toledo,5.30884,Toledo by 5.3,graded,16,41,25,Toledo,True,19.69116,CollegeFootballData (CFBD)
2026,4,2026.v2,1,final-public,2026-09-20T17:17:55.012913+00:00,e7f4731bf48a869df86f1bdf8402b4d1aaa44f756d1ddb512d6c40eeb0eb1015,767195b32330a86dbce819f7be3e7e42efec2c67c160c9f659d66be6a41d924c,manual-sunday-2026-week-3-to-4,2026-09-20T17:17:55.012913+00:00,401860894,2026-09-26,Troy,Utah State,Troy,-4.189789,Troy by 4.2,graded,10,21,11,Utah State,False,15.189789,CollegeFootballData (CFBD)
2026,4,2026.v2,1,final-public,2026-09-20T17:17:55.012913+00:00,e7f4731bf48a869df86f1bdf8402b4d1aaa44f756d1ddb512d6c40eeb0eb1015,767195b32330a86dbce819f7be3e7e42efec2c67c160c9f659d66be6a41d924c,manual-sunday-2026-week-3-to-4,2026-09-20T17:17:55.012913+00:00,401860896,2026-09-26,Colorado State,UTSA,UTSA,5.43706,UTSA by 5.4,graded,45,59,14,UTSA,True,8.56294,CollegeFootballData (CFBD)
2026,4,2026.v2,1,final-public,2026-09-20T17:17:55.012913+00:00,e7f4731bf48a869df86f1bdf8402b4d1aaa44f756d1ddb512d6c40eeb0eb1015,767195b32330a86dbce819f7be3e7e42efec2c67c160c9f659d66be6a41d924c,manual-sunday-2026-week-3-to-4,2026-09-20T17:17:55.012913+00:00,401860897,2026-09-26,Boise State,Western Michigan,Boise State,-8.376279,Boise State by 8.4,graded,32,7,-25,Boise State,True,16.623721,CollegeFootballData (CFBD)
2026,4,2026.v2,1,final-public,2026-09-20T17:17:55.012913+00:00,e7f4731bf48a869df86f1bdf8402b4d1aaa44f756d1ddb512d6c40eeb0eb1015,767195b32330a86dbce819f7be3e7e42efec2c67c160c9f659d66be6a41d924c,manual-sunday-2026-week-3-to-4,2026-09-20T17:17:55.012913+00:00,401861970,2026-09-26,UConn,Miami (OH),Miami (OH),2.114463,Miami (OH) by 2.1,graded,21,24,3,Miami (OH),True,0.885537,CollegeFootballData (CFBD)
2026,4,2026.v2,1,final-public,2026-09-20T17:17:55.012913+00:00,e7f4731bf48a869df86f1bdf8402b4d1aaa44f756d1ddb512d6c40eeb0eb1015,767195b32330a86dbce819f7be3e7e42efec2c67c160c9f659d66be6a41d924c,manual-sunday-2026-week-3-to-4,2026-09-20T17:17:55.012913+00:00,401862780,2026-09-26,Louisiana,Charlotte,Louisiana,-10.502406,Louisiana by 10.5,graded,34,7,-27,Louisiana,True,16.497594,CollegeFootballData (CFBD)
2026,4,2026.v2,1,final-public,2026-09-20T17:17:55.012913+00:00,e7f4731bf48a869df86f1bdf8402b4d1aaa44f756d1ddb512d6c40eeb0eb1015,767195b32330a86dbce819f7be3e7e42efec2c67c160c9f659d66be6a41d924c,manual-sunday-2026-week-3-to-4,2026-09-20T17:17:55.012913+00:00,401862784,2026-09-26,Southern Miss,Tulane,Tulane,18.92322,Tulane by 18.9,graded,21,24,3,Tulane,True,15.92322,CollegeFootballData (CFBD)
2026,4,2026.v2,1,final-public,2026-09-20T17:17:55.012913+00:00,e7f4731bf48a869df86f1bdf8402b4d1aaa44f756d1ddb512d6c40eeb0eb1015,767195b32330a86dbce819f7be3e7e42efec2c67c160c9f659d66be6a41d924c,manual-sunday-2026-week-3-to-4,2026-09-20T17:17:55.012913+00:00,401862785,2026-09-26,South Florida,Bowling Green,South Florida,-4.811944,South Florida by 4.8,graded,14,6,-8,South Florida,True,3.188056,CollegeFootballData (CFBD)
2026,4,2026.v2,1,final-public,2026-09-20T17:17:55.012913+00:00,e7f4731bf48a869df86f1bdf8402b4d1aaa44f756d1ddb512d6c40eeb0eb1015,767195b32330a86dbce819f7be3e7e42efec2c67c160c9f659d66be6a41d924c,manual-sunday-2026-week-3-to-4,2026-09-20T17:17:55.012913+00:00,401864510,2026-09-26,Hawai'i,Wyoming,Wyoming,0.279488,Wyoming by 0.3,graded,10,27,17,Wyoming,True,16.720512,CollegeFootballData (CFBD)
2026,4,2026.v2,1,final-public,2026-09-20T17:17:55.012913+00:00,e7f4731bf48a869df86f1bdf8402b4d1aaa44f756d1ddb512d6c40eeb0eb1015,767195b32330a86dbce819f7be3e7e42efec2c67c160c9f659d66be6a41d924c,manual-sunday-2026-week-3-to-4,2026-09-20T17:17:55.012913+00:00,401864511,2026-09-26,Northern Illinois,Georgia State,Georgia State,5.280745,Georgia State by 5.3,graded,14,35,21,Georgia State,True,15.719255,CollegeFootballData (CFBD)
2026,4,2026.v2,1,final-public,2026-09-20T17:17:55.012913+00:00,e7f4731bf48a869df86f1bdf8402b4d1aaa44f756d1ddb512d6c40eeb0eb1015,767195b32330a86dbce819f7be3e7e42efec2c67c160c9f659d66be6a41d924c,manual-sunday-2026-week-3-to-4,2026-09-20T17:17:55.012913+00:00,401864512,2026-09-26,UNLV,Akron,UNLV,-10.395946,UNLV by 10.4,graded,38,10,-28,UNLV,True,17.604054,CollegeFootballData (CFBD)
2026,4,2026.v2,1,final-public,2026-09-20T17:17:55.012913+00:00,e7f4731bf48a869df86f1bdf8402b4d1aaa44f756d1ddb512d6c40eeb0eb1015,767195b32330a86dbce819f7be3e7e42efec2c67c160c9f659d66be6a41d924c,manual-sunday-2026-week-3-to-4,2026-09-20T17:17:55.012913+00:00,401864572,2026-09-26,App State,NC State,NC State,7.018885,NC State by 7.0,graded,31,41,10,NC State,True,2.981115,CollegeFootballData (CFBD)
2026,4,2026.v2,1,final-public,2026-09-20T17:17:55.012913+00:00,e7f4731bf48a869df86f1bdf8402b4d1aaa44f756d1ddb512d6c40eeb0eb1015,767195b32330a86dbce819f7be3e7e42efec2c67c160c9f659d66be6a41d924c,manual-sunday-2026-week-3-to-4,2026-09-20T17:17:55.012913+00:00,401864576,2026-09-26,South Alabama,Kentucky,Kentucky,11.567099,Kentucky by 11.6,graded,21,45,24,Kentucky,True,12.432901,CollegeFootballData (CFBD)
2026,4,2026.v2,1,final-public,2026-09-20T17:17:55.012913+00:00,e7f4731bf48a869df86f1bdf8402b4d1aaa44f756d1ddb512d6c40eeb0eb1015,767195b32330a86dbce819f7be3e7e42efec2c67c160c9f659d66be6a41d924c,manual-sunday-2026-week-3-to-4,2026-09-20T17:17:55.012913+00:00,401864579,2026-09-26,New Mexico,New Mexico State,New Mexico,-8.566489,New Mexico by 8.6,graded,42,18,-24,New Mexico,True,15.433511,CollegeFootballData (CFBD)
2026,4,2026.v2,1,final-public,2026-09-20T17:17:55.012913+00:00,e7f4731bf48a869df86f1bdf8402b4d1aaa44f756d1ddb512d6c40eeb0eb1015,767195b32330a86dbce819f7be3e7e42efec2c67c160c9f659d66be6a41d924c,manual-sunday-2026-week-3-to-4,2026-09-20T17:17:55.012913+00:00,401866425,2026-09-26,Ball State,Kent State,Ball State,-1.227788,Ball State by 1.2,graded,13,26,13,Kent State,False,14.227788,CollegeFootballData (CFBD)
2026,4,2026.v2,1,final-public,2026-09-20T17:17:55.012913+00:00,e7f4731bf48a869df86f1bdf8402b4d1aaa44f756d1ddb512d6c40eeb0eb1015,767195b32330a86dbce819f7be3e7e42efec2c67c160c9f659d66be6a41d924c,manual-sunday-2026-week-3-to-4,2026-09-20T17:17:55.012913+00:00,401869931,2026-09-26,Kennesaw State,Arkansas State,Arkansas State,7.52237,Arkansas State by 7.5,graded,14,17,3,Arkansas State,True,4.52237,CollegeFootballData (CFBD)
2026,4,2026.v2,1,final-public,2026-09-20T17:17:55.012913+00:00,e7f4731bf48a869df86f1bdf8402b4d1aaa44f756d1ddb512d6c40eeb0eb1015,767195b32330a86dbce819f7be3e7e42efec2c67c160c9f659d66be6a41d924c,manual-sunday-2026-week-3-to-4,2026-09-20T17:17:55.012913+00:00,401869961,2026-09-26,James Madison,Old Dominion,James Madison,-6.795397,James Madison by 6.8,graded,46,20,-26,James Madison,True,19.204603,CollegeFootballData (CFBD)
2026,4,2026.v2,1,final-public,2026-09-20T17:17:55.012913+00:00,e7f4731bf48a869df86f1bdf8402b4d1aaa44f756d1ddb512d6c40eeb0eb1015,767195b32330a86dbce819f7be3e7e42efec2c67c160c9f659d66be6a41d924c,manual-sunday-2026-week-3-to-4,2026-09-20T17:17:55.012913+00:00,401871048,2026-09-26,Middle Tennessee,Jacksonville State,Jacksonville State,10.130271,Jacksonville State by 10.1,graded,13,23,10,Jacksonville State,True,0.130271,CollegeFootballData (CFBD)
2026,4,2026.v2,1,final-public,2026-09-20T17:17:55.012913+00:00,e7f4731bf48a869df86f1bdf8402b4d1aaa44f756d1ddb512d6c40eeb0eb1015,767195b32330a86dbce819f7be3e7e42efec2c67c160c9f659d66be6a41d924c,manual-sunday-2026-week-3-to-4,2026-09-20T17:17:55.012913+00:00,401856697,2026-09-27,Tulsa,Arkansas,Arkansas,4.683276,Arkansas by 4.7,graded,6,34,28,Arkansas,True,23.316724,CollegeFootballData (CFBD)
2026,4,2026.v2,1,final-public,2026-09-20T17:17:55.012913+00:00,e7f4731bf48a869df86f1bdf8402b4d1aaa44f756d1ddb512d6c40eeb0eb1015,767195b32330a86dbce819f7be3e7e42efec2c67c160c9f659d66be6a41d924c,manual-sunday-2026-week-3-to-4,2026-09-20T17:17:55.012913+00:00,401858240,2026-09-27,Georgia Tech,Stanford,Georgia Tech,-10.643853,Georgia Tech by 10.6,graded,27,34,7,Stanford,False,17.643853,CollegeFootballData (CFBD)
2026,4,2026.v2,1,final-public,2026-09-20T17:17:55.012913+00:00,e7f4731bf48a869df86f1bdf8402b4d1aaa44f756d1ddb512d6c40eeb0eb1015,767195b32330a86dbce819f7be3e7e42efec2c67c160c9f659d66be6a41d924c,manual-sunday-2026-week-3-to-4,2026-09-20T17:17:55.012913+00:00,401858241,2026-09-27,Missouri State,SMU,SMU,25.151863,SMU by 25.2,graded,24,34,10,SMU,True,15.151863,CollegeFootballData (CFBD)
2026,4,2026.v2,1,final-public,2026-09-20T17:17:55.012913+00:00,e7f4731bf48a869df86f1bdf8402b4d1aaa44f756d1ddb512d6c40eeb0eb1015,767195b32330a86dbce819f7be3e7e42efec2c67c160c9f659d66be6a41d924c,manual-sunday-2026-week-3-to-4,2026-09-20T17:17:55.012913+00:00,401858470,2026-09-27,Minnesota,Washington,Washington,10.690992,Washington by 10.7,graded,27,24,-3,Minnesota,False,13.690992,CollegeFootballData (CFBD)
2026,4,2026.v2,1,final-public,2026-09-20T17:17:55.012913+00:00,e7f4731bf48a869df86f1bdf8402b4d1aaa44f756d1ddb512d6c40eeb0eb1015,767195b32330a86dbce819f7be3e7e42efec2c67c160c9f659d66be6a41d924c,manual-sunday-2026-week-3-to-4,2026-09-20T17:17:55.012913+00:00,401860891,2026-09-27,Rice,Fresno State,Fresno State,12.308237,Fresno State by 12.3,graded,24,38,14,Fresno State,True,1.691763,CollegeFootballData (CFBD)
2026,4,2026.v2,1,final-public,2026-09-20T17:17:55.012913+00:00,e7f4731bf48a869df86f1bdf8402b4d1aaa44f756d1ddb512d6c40eeb0eb1015,767195b32330a86dbce819f7be3e7e42efec2c67c160c9f659d66be6a41d924c,manual-sunday-2026-week-3-to-4,2026-09-20T17:17:55.012913+00:00,401860895,2026-09-27,Oregon State,UTEP,Oregon State,-10.420182,Oregon State by 10.4,graded,33,7,-26,Oregon State,True,15.579818,CollegeFootballData (CFBD)
2026,4,2026.v2,1,final-public,2026-09-20T17:17:55.012913+00:00,e7f4731bf48a869df86f1bdf8402b4d1aaa44f756d1ddb512d6c40eeb0eb1015,767195b32330a86dbce819f7be3e7e42efec2c67c160c9f659d66be6a41d924c,manual-sunday-2026-week-3-to-4,2026-09-20T17:17:55.012913+00:00,401862782,2026-09-27,Florida Atlantic,UL Monroe,Florida Atlantic,-2.663921,Florida Atlantic by 2.7,graded,45,17,-28,Florida Atlantic,True,25.336079,CollegeFootballData (CFBD)
2026,4,2026.v2,1,final-public,2026-09-20T17:17:55.012913+00:00,e7f4731bf48a869df86f1bdf8402b4d1aaa44f756d1ddb512d6c40eeb0eb1015,767195b32330a86dbce819f7be3e7e42efec2c67c160c9f659d66be6a41d924c,manual-sunday-2026-week-3-to-4,2026-09-20T17:17:55.012913+00:00,401864509,2026-09-27,Air Force,Nevada,Nevada,7.224132,Nevada by 7.2,graded,36,33,-3,Air Force,False,10.224132,CollegeFootballData (CFBD)
2026,4,2026.v2,1,final-public,2026-09-20T17:17:55.012913+00:00,e7f4731bf48a869df86f1bdf8402b4d1aaa44f756d1ddb512d6c40eeb0eb1015,767195b32330a86dbce819f7be3e7e42efec2c67c160c9f659d66be6a41d924c,manual-sunday-2026-week-3-to-4,2026-09-20T17:17:55.012913+00:00,401866429,2026-09-27,Massachusetts,Sacramento State,Massachusetts,-4.030583,Massachusetts by 4.0,graded,35,6,-29,Massachusetts,True,24.969417,CollegeFootballData (CFBD)
2026,5,2026.v2,1,final-public,2026-09-27T15:14:01.460943+00:00,8573a6dda76ab607134144eedc9479be38ccb537a192eefd35383f50388ab3db,3366d581f2578bb3746fbbcfd07cc159e94a96b8b5da179a5e7d06d475a3dcff,manual-sunday-2026-week-4-to-5,2026-09-27T15:14:01.460943+00:00,401858245,2026-10-02,Pittsburgh,Virginia Tech,Pittsburgh,-3.073796,Pittsburgh by 3.1,graded,35,33,-2,Pittsburgh,True,1.073796,CollegeFootballData (CFBD)
2026,5,2026.v2,1,final-public,2026-09-27T15:14:01.460943+00:00,8573a6dda76ab607134144eedc9479be38ccb537a192eefd35383f50388ab3db,3366d581f2578bb3746fbbcfd07cc159e94a96b8b5da179a5e7d06d475a3dcff,manual-sunday-2026-week-4-to-5,2026-09-27T15:14:01.460943+00:00,401862786,2026-10-02,North Texas,Tulsa,Tulsa,0.994167,Tulsa by 1.0,graded,45,44,-1,North Texas,False,1.994167,CollegeFootballData (CFBD)
2026,5,2026.v2,1,final-public,2026-09-27T15:14:01.460943+00:00,8573a6dda76ab607134144eedc9479be38ccb537a192eefd35383f50388ab3db,3366d581f2578bb3746fbbcfd07cc159e94a96b8b5da179a5e7d06d475a3dcff,manual-sunday-2026-week-4-to-5,2026-09-27T15:14:01.460943+00:00,401871049,2026-10-02,Western Kentucky,New Mexico State,Western Kentucky,-1.601121,Western Kentucky by 1.6,graded,13,34,21,New Mexico State,False,22.601121,CollegeFootballData (CFBD)
2026,5,2026.v2,1,final-public,2026-09-27T15:14:01.460943+00:00,8573a6dda76ab607134144eedc9479be38ccb537a192eefd35383f50388ab3db,3366d581f2578bb3746fbbcfd07cc159e94a96b8b5da179a5e7d06d475a3dcff,manual-sunday-2026-week-4-to-5,2026-09-27T15:14:01.460943+00:00,401871050,2026-10-02,Liberty,Delaware,Liberty,-10.445534,Liberty by 10.4,graded,30,14,-16,Liberty,True,5.554466,CollegeFootballData (CFBD)
2026,5,2026.v2,1,final-public,2026-09-27T15:14:01.460943+00:00,8573a6dda76ab607134144eedc9479be38ccb537a192eefd35383f50388ab3db,3366d581f2578bb3746fbbcfd07cc159e94a96b8b5da179a5e7d06d475a3dcff,manual-sunday-2026-week-4-to-5,2026-09-27T15:14:01.460943+00:00,401856705,2026-10-03,Vanderbilt,Georgia,Georgia,17.529496,Georgia by 17.5,graded,14,38,24,Georgia,True,6.470504,CollegeFootballData (CFBD)
2026,5,2026.v2,1,final-public,2026-09-27T15:14:01.460943+00:00,8573a6dda76ab607134144eedc9479be38ccb537a192eefd35383f50388ab3db,3366d581f2578bb3746fbbcfd07cc159e94a96b8b5da179a5e7d06d475a3dcff,manual-sunday-2026-week-4-to-5,2026-09-27T15:14:01.460943+00:00,401856707,2026-10-03,Alabama,Mississippi State,Alabama,-9.253586,Alabama by 9.3,graded,56,23,-33,Alabama,True,23.746414,CollegeFootballData (CFBD)
2026,5,2026.v2,1,final-public,2026-09-27T15:14:01.460943+00:00,8573a6dda76ab607134144eedc9479be38ccb537a192eefd35383f50388ab3db,3366d581f2578bb3746fbbcfd07cc159e94a96b8b5da179a5e7d06d475a3dcff,manual-sunday-2026-week-4-to-5,2026-09-27T15:14:01.460943+00:00,401856708,2026-10-03,Florida,Missouri,Florida,-4.729344,Florida by 4.7,graded,17,45,28,Missouri,False,32.729344,CollegeFootballData (CFBD)
2026,5,2026.v2,1,final-public,2026-09-27T15:14:01.460943+00:00,8573a6dda76ab607134144eedc9479be38ccb537a192eefd35383f50388ab3db,3366d581f2578bb3746fbbcfd07cc159e94a96b8b5da179a5e7d06d475a3dcff,manual-sunday-2026-week-4-to-5,2026-09-27T15:14:01.460943+00:00,401856709,2026-10-03,Kentucky,South Carolina,Kentucky,-3.117849,Kentucky by 3.1,graded,35,34,-1,Kentucky,True,2.117849,CollegeFootballData (CFBD)
2026,5,2026.v2,1,final-public,2026-09-27T15:14:01.460943+00:00,8573a6dda76ab607134144eedc9479be38ccb537a192eefd35383f50388ab3db,3366d581f2578bb3746fbbcfd07cc159e94a96b8b5da179a5e7d06d475a3dcff,manual-sunday-2026-week-4-to-5,2026-09-27T15:14:01.460943+00:00,401856710,2026-10-03,Auburn,Tennessee,Tennessee,7.331841,Tennessee by 7.3,graded,14,24,10,Tennessee,True,2.668159,CollegeFootballData (CFBD)
2026,5,2026.v2,1,final-public,2026-09-27T15:14:01.460943+00:00,8573a6dda76ab607134144eedc9479be38ccb537a192eefd35383f50388ab3db,3366d581f2578bb3746fbbcfd07cc159e94a96b8b5da179a5e7d06d475a3dcff,manual-sunday-2026-week-4-to-5,2026-09-27T15:14:01.460943+00:00,401856711,2026-10-03,Arkansas,Texas A&M,Texas A&M,13.100112,Texas A&M by 13.1,graded,7,34,27,Texas A&M,True,13.899888,CollegeFootballData (CFBD)
2026,5,2026.v2,1,final-public,2026-09-27T15:14:01.460943+00:00,8573a6dda76ab607134144eedc9479be38ccb537a192eefd35383f50388ab3db,3366d581f2578bb3746fbbcfd07cc159e94a96b8b5da179a5e7d06d475a3dcff,manual-sunday-2026-week-4-to-5,2026-09-27T15:14:01.460943+00:00,401856807,2026-10-03,Middle Tennessee,Kansas,Kansas,17.227771,Kansas by 17.2,graded,0,55,55,Kansas,True,37.772229,CollegeFootballData (CFBD)
2026,5,2026.v2,1,final-public,2026-09-27T15:14:01.460943+00:00,8573a6dda76ab607134144eedc9479be38ccb537a192eefd35383f50388ab3db,3366d581f2578bb3746fbbcfd07cc159e94a96b8b5da179a5e7d06d475a3dcff,manual-sunday-2026-week-4-to-5,2026-09-27T15:14:01.460943+00:00,401856818,2026-10-03,BYU,TCU,BYU,-1.824815,BYU by 1.8,graded,17,10,-7,BYU,True,5.175185,CollegeFootballData (CFBD)
2026,5,2026.v2,1,final-public,2026-09-27T15:14:01.460943+00:00,8573a6dda76ab607134144eedc9479be38ccb537a192eefd35383f50388ab3db,3366d581f2578bb3746fbbcfd07cc159e94a96b8b5da179a5e7d06d475a3dcff,manual-sunday-2026-week-4-to-5,2026-09-27T15:14:01.460943+00:00,401856819,2026-10-03,UCF,Houston,Houston,4.883635,Houston by 4.9,graded,17,27,10,Houston,True,5.116365,CollegeFootballData (CFBD)
2026,5,2026.v2,1,final-public,2026-09-27T15:14:01.460943+00:00,8573a6dda76ab607134144eedc9479be38ccb537a192eefd35383f50388ab3db,3366d581f2578bb3746fbbcfd07cc159e94a96b8b5da179a5e7d06d475a3dcff,manual-sunday-2026-week-4-to-5,2026-09-27T15:14:01.460943+00:00,401856821,2026-10-03,Texas Tech,Colorado,Texas Tech,-9.658183,Texas Tech by 9.7,graded,29,7,-22,Texas Tech,True,12.341817,CollegeFootballData (CFBD)
2026,5,2026.v2,1,final-public,2026-09-27T15:14:01.460943+00:00,8573a6dda76ab607134144eedc9479be38ccb537a192eefd35383f50388ab3db,3366d581f2578bb3746fbbcfd07cc159e94a96b8b5da179a5e7d06d475a3dcff,manual-sunday-2026-week-4-to-5,2026-09-27T15:14:01.460943+00:00,401856822,2026-10-03,West Virginia,Iowa State,Iowa State,6.444939,Iowa State by 6.4,graded,42,45,3,Iowa State,True,3.444939,CollegeFootballData (CFBD)
2026,5,2026.v2,1,final-public,2026-09-27T15:14:01.460943+00:00,8573a6dda76ab607134144eedc9479be38ccb537a192eefd35383f50388ab3db,3366d581f2578bb3746fbbcfd07cc159e94a96b8b5da179a5e7d06d475a3dcff,manual-sunday-2026-week-4-to-5,2026-09-27T15:14:01.460943+00:00,401858246,2026-10-03,Boston College,SMU,SMU,22.524889,SMU by 22.5,graded,16,25,9,SMU,True,13.524889,CollegeFootballData (CFBD)
2026,5,2026.v2,1,final-public,2026-09-27T15:14:01.460943+00:00,8573a6dda76ab607134144eedc9479be38ccb537a192eefd35383f50388ab3db,3366d581f2578bb3746fbbcfd07cc159e94a96b8b5da179a5e7d06d475a3dcff,manual-sunday-2026-week-4-to-5,2026-09-27T15:14:01.460943+00:00,401858247,2026-10-03,California,UNLV,UNLV,4.919248,UNLV by 4.9,graded,31,39,8,UNLV,True,3.080752,CollegeFootballData (CFBD)
2026,5,2026.v2,1,final-public,2026-09-27T15:14:01.460943+00:00,8573a6dda76ab607134144eedc9479be38ccb537a192eefd35383f50388ab3db,3366d581f2578bb3746fbbcfd07cc159e94a96b8b5da179a5e7d06d475a3dcff,manual-sunday-2026-week-4-to-5,2026-09-27T15:14:01.460943+00:00,401858248,2026-10-03,Louisville,NC State,Louisville,-5.352318,Louisville by 5.4,graded,28,31,3,NC State,False,8.352318,CollegeFootballData (CFBD)
2026,5,2026.v2,1,final-public,2026-09-27T15:14:01.460943+00:00,8573a6dda76ab607134144eedc9479be38ccb537a192eefd35383f50388ab3db,3366d581f2578bb3746fbbcfd07cc159e94a96b8b5da179a5e7d06d475a3dcff,manual-sunday-2026-week-4-to-5,2026-09-27T15:14:01.460943+00:00,401858249,2026-10-03,Miami,Clemson,Clemson,0.34491,Clemson by 0.3,graded,41,13,-28,Miami,False,28.34491,CollegeFootballData (CFBD)
2026,5,2026.v2,1,final-public,2026-09-27T15:14:01.460943+00:00,8573a6dda76ab607134144eedc9479be38ccb537a192eefd35383f50388ab3db,3366d581f2578bb3746fbbcfd07cc159e94a96b8b5da179a5e7d06d475a3dcff,manual-sunday-2026-week-4-to-5,2026-09-27T15:14:01.460943+00:00,401858250,2026-10-03,Notre Dame,North Carolina,Notre Dame,-14.957438,Notre Dame by 15.0,graded,37,26,-11,Notre Dame,True,3.957438,CollegeFootballData (CFBD)
2026,5,2026.v2,1,final-public,2026-09-27T15:14:01.460943+00:00,8573a6dda76ab607134144eedc9479be38ccb537a192eefd35383f50388ab3db,3366d581f2578bb3746fbbcfd07cc159e94a96b8b5da179a5e7d06d475a3dcff,manual-sunday-2026-week-4-to-5,2026-09-27T15:14:01.460943+00:00,401858251,2026-10-03,Stanford,Wake Forest,Wake Forest,6.679049,Wake Forest by 6.7,graded,3,57,54,Wake Forest,True,47.320951,CollegeFootballData (CFBD)
2026,5,2026.v2,1,final-public,2026-09-27T15:14:01.460943+00:00,8573a6dda76ab607134144eedc9479be38ccb537a192eefd35383f50388ab3db,3366d581f2578bb3746fbbcfd07cc159e94a96b8b5da179a5e7d06d475a3dcff,manual-sunday-2026-week-4-to-5,2026-09-27T15:14:01.460943+00:00,401858252,2026-10-03,Syracuse,UConn,Syracuse,-3.353899,Syracuse by 3.4,graded,42,41,-1,Syracuse,True,2.353899,CollegeFootballData (CFBD)
2026,5,2026.v2,1,final-public,2026-09-27T15:14:01.460943+00:00,8573a6dda76ab607134144eedc9479be38ccb537a192eefd35383f50388ab3db,3366d581f2578bb3746fbbcfd07cc159e94a96b8b5da179a5e7d06d475a3dcff,manual-sunday-2026-week-4-to-5,2026-09-27T15:14:01.460943+00:00,401858253,2026-10-03,Virginia,Florida State,Florida State,4.123174,Florida State by 4.1,graded,7,38,31,Florida State,True,26.876826,CollegeFootballData (CFBD)
2026,5,2026.v2,1,final-public,2026-09-27T15:14:01.460943+00:00,8573a6dda76ab607134144eedc9479be38ccb537a192eefd35383f50388ab3db,3366d581f2578bb3746fbbcfd07cc159e94a96b8b5da179a5e7d06d475a3dcff,manual-sunday-2026-week-4-to-5,2026-09-27T15:14:01.460943+00:00,401858472,2026-10-03,Purdue,Illinois,Illinois,11.500206,Illinois by 11.5,graded,24,17,-7,Purdue,False,18.500206,CollegeFootballData (CFBD)
2026,5,2026.v2,1,final-public,2026-09-27T15:14:01.460943+00:00,8573a6dda76ab607134144eedc9479be38ccb537a192eefd35383f50388ab3db,3366d581f2578bb3746fbbcfd07cc159e94a96b8b5da179a5e7d06d475a3dcff,manual-sunday-2026-week-4-to-5,2026-09-27T15:14:01.460943+00:00,401858473,2026-10-03,Ohio State,Iowa,Ohio State,-7.623002,Ohio State by 7.6,graded,31,14,-17,Ohio State,True,9.376998,CollegeFootballData (CFBD)
2026,5,2026.v2,1,final-public,2026-09-27T15:14:01.460943+00:00,8573a6dda76ab607134144eedc9479be38ccb537a192eefd35383f50388ab3db,3366d581f2578bb3746fbbcfd07cc159e94a96b8b5da179a5e7d06d475a3dcff,manual-sunday-2026-week-4-to-5,2026-09-27T15:14:01.460943+00:00,401858474,2026-10-03,Michigan,Minnesota,Michigan,-5.422779,Michigan by 5.4,graded,14,20,6,Minnesota,False,11.422779,CollegeFootballData (CFBD)
2026,5,2026.v2,1,final-public,2026-09-27T15:14:01.460943+00:00,8573a6dda76ab607134144eedc9479be38ccb537a192eefd35383f50388ab3db,3366d581f2578bb3746fbbcfd07cc159e94a96b8b5da179a5e7d06d475a3dcff,manual-sunday-2026-week-4-to-5,2026-09-27T15:14:01.460943+00:00,401858475,2026-10-03,Maryland,Nebraska,Nebraska,16.875182,Nebraska by 16.9,graded,23,48,25,Nebraska,True,8.124818,CollegeFootballData (CFBD)
2026,5,2026.v2,1,final-public,2026-09-27T15:14:01.460943+00:00,8573a6dda76ab607134144eedc9479be38ccb537a192eefd35383f50388ab3db,3366d581f2578bb3746fbbcfd07cc159e94a96b8b5da179a5e7d06d475a3dcff,manual-sunday-2026-week-4-to-5,2026-09-27T15:14:01.460943+00:00,401858476,2026-10-03,Penn State,Northwestern,Penn State,-5.194762,Penn State by 5.2,graded,13,34,21,Northwestern,False,26.194762,CollegeFootballData (CFBD)
2026,5,2026.v2,1,final-public,2026-09-27T15:14:01.460943+00:00,8573a6dda76ab607134144eedc9479be38ccb537a192eefd35383f50388ab3db,3366d581f2578bb3746fbbcfd07cc159e94a96b8b5da179a5e7d06d475a3dcff,manual-sunday-2026-week-4-to-5,2026-09-27T15:14:01.460943+00:00,401858478,2026-10-03,Washington,USC,USC,5.185133,USC by 5.2,graded,21,25,4,USC,True,1.185133,CollegeFootballData (CFBD)
2026,5,2026.v2,1,final-public,2026-09-27T15:14:01.460943+00:00,8573a6dda76ab607134144eedc9479be38ccb537a192eefd35383f50388ab3db,3366d581f2578bb3746fbbcfd07cc159e94a96b8b5da179a5e7d06d475a3dcff,manual-sunday-2026-week-4-to-5,2026-09-27T15:14:01.460943+00:00,401858479,2026-10-03,Michigan State,Wisconsin,Wisconsin,6.393538,Wisconsin by 6.4,graded,3,31,28,Wisconsin,True,21.606462,CollegeFootballData (CFBD)
2026,5,2026.v2,1,final-public,2026-09-27T15:14:01.460943+00:00,8573a6dda76ab607134144eedc9479be38ccb537a192eefd35383f50388ab3db,3366d581f2578bb3746fbbcfd07cc159e94a96b8b5da179a5e7d06d475a3dcff,manual-sunday-2026-week-4-to-5,2026-09-27T15:14:01.460943+00:00,401860898,2026-10-03,Utah State,Boise State,Boise State,26.909313,Boise State by 26.9,graded,18,37,19,Boise State,True,7.909313,CollegeFootballData (CFBD)
2026,5,2026.v2,1,final-public,2026-09-27T15:14:01.460943+00:00,8573a6dda76ab607134144eedc9479be38ccb537a192eefd35383f50388ab3db,3366d581f2578bb3746fbbcfd07cc159e94a96b8b5da179a5e7d06d475a3dcff,manual-sunday-2026-week-4-to-5,2026-09-27T15:14:01.460943+00:00,401860899,2026-10-03,Oregon State,Colorado State,Oregon State,-5.250426,Oregon State by 5.3,graded,56,26,-30,Oregon State,True,24.749574,CollegeFootballData (CFBD)
2026,5,2026.v2,1,final-public,2026-09-27T15:14:01.460943+00:00,8573a6dda76ab607134144eedc9479be38ccb537a192eefd35383f50388ab3db,3366d581f2578bb3746fbbcfd07cc159e94a96b8b5da179a5e7d06d475a3dcff,manual-sunday-2026-week-4-to-5,2026-09-27T15:14:01.460943+00:00,401862787,2026-10-03,Memphis,Charlotte,Memphis,-19.088175,Memphis by 19.1,graded,59,8,-51,Memphis,True,31.911825,CollegeFootballData (CFBD)
2026,5,2026.v2,1,final-public,2026-09-27T15:14:01.460943+00:00,8573a6dda76ab607134144eedc9479be38ccb537a192eefd35383f50388ab3db,3366d581f2578bb3746fbbcfd07cc159e94a96b8b5da179a5e7d06d475a3dcff,manual-sunday-2026-week-4-to-5,2026-09-27T15:14:01.460943+00:00,401862788,2026-10-03,UTSA,Rice,UTSA,-7.381471,UTSA by 7.4,graded,16,14,-2,UTSA,True,5.381471,CollegeFootballData (CFBD)
2026,5,2026.v2,1,final-public,2026-09-27T15:14:01.460943+00:00,8573a6dda76ab607134144eedc9479be38ccb537a192eefd35383f50388ab3db,3366d581f2578bb3746fbbcfd07cc159e94a96b8b5da179a5e7d06d475a3dcff,manual-sunday-2026-week-4-to-5,2026-09-27T15:14:01.460943+00:00,401862791,2026-10-03,Navy,Air Force,Air Force,2.57268,Air Force by 2.6,graded,9,14,5,Air Force,True,2.42732,CollegeFootballData (CFBD)
2026,5,2026.v2,1,final-public,2026-09-27T15:14:01.460943+00:00,8573a6dda76ab607134144eedc9479be38ccb537a192eefd35383f50388ab3db,3366d581f2578bb3746fbbcfd07cc159e94a96b8b5da179a5e7d06d475a3dcff,manual-sunday-2026-week-4-to-5,2026-09-27T15:14:01.460943+00:00,401862792,2026-10-03,Temple,South Florida,South Florida,14.135234,South Florida by 14.1,graded,17,13,-4,Temple,False,18.135234,CollegeFootballData (CFBD)
2026,5,2026.v2,1,final-public,2026-09-27T15:14:01.460943+00:00,8573a6dda76ab607134144eedc9479be38ccb537a192eefd35383f50388ab3db,3366d581f2578bb3746fbbcfd07cc159e94a96b8b5da179a5e7d06d475a3dcff,manual-sunday-2026-week-4-to-5,2026-09-27T15:14:01.460943+00:00,401864514,2026-10-03,UTEP,New Mexico,New Mexico,15.936793,New Mexico by 15.9,graded,7,61,54,New Mexico,True,38.063207,CollegeFootballData (CFBD)
2026,5,2026.v2,1,final-public,2026-09-27T15:14:01.460943+00:00,8573a6dda76ab607134144eedc9479be38ccb537a192eefd35383f50388ab3db,3366d581f2578bb3746fbbcfd07cc159e94a96b8b5da179a5e7d06d475a3dcff,manual-sunday-2026-week-4-to-5,2026-09-27T15:14:01.460943+00:00,401864515,2026-10-03,Wyoming,North Dakota State,North Dakota State,15.89503,North Dakota State by 15.9,graded,0,28,28,North Dakota State,True,12.10497,CollegeFootballData (CFBD)
2026,5,2026.v2,1,final-public,2026-09-27T15:14:01.460943+00:00,8573a6dda76ab607134144eedc9479be38ccb537a192eefd35383f50388ab3db,3366d581f2578bb3746fbbcfd07cc159e94a96b8b5da179a5e7d06d475a3dcff,manual-sunday-2026-week-4-to-5,2026-09-27T15:14:01.460943+00:00,401866430,2026-10-03,Akron,Central Michigan,Central Michigan,5.607171,Central Michigan by 5.6,graded,17,41,24,Central Michigan,True,18.392829,CollegeFootballData (CFBD)
2026,5,2026.v2,1,final-public,2026-09-27T15:14:01.460943+00:00,8573a6dda76ab607134144eedc9479be38ccb537a192eefd35383f50388ab3db,3366d581f2578bb3746fbbcfd07cc159e94a96b8b5da179a5e7d06d475a3dcff,manual-sunday-2026-week-4-to-5,2026-09-27T15:14:01.460943+00:00,401866431,2026-10-03,Toledo,Ball State,Toledo,-6.30048,Toledo by 6.3,graded,39,24,-15,Toledo,True,8.69952,CollegeFootballData (CFBD)
2026,5,2026.v2,1,final-public,2026-09-27T15:14:01.460943+00:00,8573a6dda76ab607134144eedc9479be38ccb537a192eefd35383f50388ab3db,3366d581f2578bb3746fbbcfd07cc159e94a96b8b5da179a5e7d06d475a3dcff,manual-sunday-2026-week-4-to-5,2026-09-27T15:14:01.460943+00:00,401866432,2026-10-03,Western Michigan,Buffalo,Western Michigan,-16.220089,Western Michigan by 16.2,graded,20,17,-3,Western Michigan,True,13.220089,CollegeFootballData (CFBD)
2026,5,2026.v2,1,final-public,2026-09-27T15:14:01.460943+00:00,8573a6dda76ab607134144eedc9479be38ccb537a192eefd35383f50388ab3db,3366d581f2578bb3746fbbcfd07cc159e94a96b8b5da179a5e7d06d475a3dcff,manual-sunday-2026-week-4-to-5,2026-09-27T15:14:01.460943+00:00,401866433,2026-10-03,Eastern Michigan,Massachusetts,Massachusetts,5.241557,Massachusetts by 5.2,graded,38,14,-24,Eastern Michigan,False,29.241557,CollegeFootballData (CFBD)
2026,5,2026.v2,1,final-public,2026-09-27T15:14:01.460943+00:00,8573a6dda76ab607134144eedc9479be38ccb537a192eefd35383f50388ab3db,3366d581f2578bb3746fbbcfd07cc159e94a96b8b5da179a5e7d06d475a3dcff,manual-sunday-2026-week-4-to-5,2026-09-27T15:14:01.460943+00:00,401866434,2026-10-03,Ohio,Kent State,Ohio,-0.871342,Ohio by 0.9,graded,13,10,-3,Ohio,True,2.128658,CollegeFootballData (CFBD)
2026,5,2026.v2,1,final-public,2026-09-27T15:14:01.460943+00:00,8573a6dda76ab607134144eedc9479be38ccb537a192eefd35383f50388ab3db,3366d581f2578bb3746fbbcfd07cc159e94a96b8b5da179a5e7d06d475a3dcff,manual-sunday-2026-week-4-to-5,2026-09-27T15:14:01.460943+00:00,401866477,2026-10-03,Bowling Green,Miami (OH),Miami (OH),6.740496,Miami (OH) by 6.7,graded,24,20,-4,Bowling Green,False,10.740496,CollegeFootballData (CFBD)
2026,5,2026.v2,1,final-public,2026-09-27T15:14:01.460943+00:00,8573a6dda76ab607134144eedc9479be38ccb537a192eefd35383f50388ab3db,3366d581f2578bb3746fbbcfd07cc159e94a96b8b5da179a5e7d06d475a3dcff,manual-sunday-2026-week-4-to-5,2026-09-27T15:14:01.460943+00:00,401869842,2026-10-03,Army,Louisiana Tech,Louisiana Tech,2.366512,Louisiana Tech by 2.4,graded,29,31,2,Louisiana Tech,True,0.366512,CollegeFootballData (CFBD)
2026,5,2026.v2,1,final-public,2026-09-27T15:14:01.460943+00:00,8573a6dda76ab607134144eedc9479be38ccb537a192eefd35383f50388ab3db,3366d581f2578bb3746fbbcfd07cc159e94a96b8b5da179a5e7d06d475a3dcff,manual-sunday-2026-week-4-to-5,2026-09-27T15:14:01.460943+00:00,401869942,2026-10-03,Georgia Southern,Coastal Carolina,Georgia Southern,-4.413559,Georgia Southern by 4.4,graded,31,24,-7,Georgia Southern,True,2.586441,CollegeFootballData (CFBD)
2026,5,2026.v2,1,final-public,2026-09-27T15:14:01.460943+00:00,8573a6dda76ab607134144eedc9479be38ccb537a192eefd35383f50388ab3db,3366d581f2578bb3746fbbcfd07cc159e94a96b8b5da179a5e7d06d475a3dcff,manual-sunday-2026-week-4-to-5,2026-09-27T15:14:01.460943+00:00,401869956,2026-10-03,Old Dominion,Georgia State,Georgia State,6.416877,Georgia State by 6.4,graded,10,42,32,Georgia State,True,25.583123,CollegeFootballData (CFBD)
2026,5,2026.v2,1,final-public,2026-09-27T15:14:01.460943+00:00,8573a6dda76ab607134144eedc9479be38ccb537a192eefd35383f50388ab3db,3366d581f2578bb3746fbbcfd07cc159e94a96b8b5da179a5e7d06d475a3dcff,manual-sunday-2026-week-4-to-5,2026-09-27T15:14:01.460943+00:00,401869962,2026-10-03,Marshall,James Madison,James Madison,15.115783,James Madison by 15.1,graded,17,45,28,James Madison,True,12.884217,CollegeFootballData (CFBD)
2026,5,2026.v2,1,final-public,2026-09-27T15:14:01.460943+00:00,8573a6dda76ab607134144eedc9479be38ccb537a192eefd35383f50388ab3db,3366d581f2578bb3746fbbcfd07cc159e94a96b8b5da179a5e7d06d475a3dcff,manual-sunday-2026-week-4-to-5,2026-09-27T15:14:01.460943+00:00,401871089,2026-10-03,UL Monroe,South Alabama,South Alabama,15.987677,South Alabama by 16.0,graded,35,52,17,South Alabama,True,1.012323,CollegeFootballData (CFBD)
2026,5,2026.v2,1,final-public,2026-09-27T15:14:01.460943+00:00,8573a6dda76ab607134144eedc9479be38ccb537a192eefd35383f50388ab3db,3366d581f2578bb3746fbbcfd07cc159e94a96b8b5da179a5e7d06d475a3dcff,manual-sunday-2026-week-4-to-5,2026-09-27T15:14:01.460943+00:00,401856817,2026-10-04,Baylor,Arizona State,Arizona State,1.72548,Arizona State by 1.7,graded,55,19,-36,Baylor,False,37.72548,CollegeFootballData (CFBD)
2026,5,2026.v2,1,final-public,2026-09-27T15:14:01.460943+00:00,8573a6dda76ab607134144eedc9479be38ccb537a192eefd35383f50388ab3db,3366d581f2578bb3746fbbcfd07cc159e94a96b8b5da179a5e7d06d475a3dcff,manual-sunday-2026-week-4-to-5,2026-09-27T15:14:01.460943+00:00,401856820,2026-10-04,Cincinnati,Arizona,Arizona,4.211496,Arizona by 4.2,graded,7,34,27,Arizona,True,22.788504,CollegeFootballData (CFBD)
2026,5,2026.v2,1,final-public,2026-09-27T15:14:01.460943+00:00,8573a6dda76ab607134144eedc9479be38ccb537a192eefd35383f50388ab3db,3366d581f2578bb3746fbbcfd07cc159e94a96b8b5da179a5e7d06d475a3dcff,manual-sunday-2026-week-4-to-5,2026-09-27T15:14:01.460943+00:00,401858477,2026-10-04,Indiana,Rutgers,Indiana,-14.282434,Indiana by 14.3,graded,47,15,-32,Indiana,True,17.717566,CollegeFootballData (CFBD)
2026,5,2026.v2,1,final-public,2026-09-27T15:14:01.460943+00:00,8573a6dda76ab607134144eedc9479be38ccb537a192eefd35383f50388ab3db,3366d581f2578bb3746fbbcfd07cc159e94a96b8b5da179a5e7d06d475a3dcff,manual-sunday-2026-week-4-to-5,2026-09-27T15:14:01.460943+00:00,401860900,2026-10-04,Texas State,San Diego State,Texas State,-8.409804,Texas State by 8.4,graded,29,31,2,San Diego State,False,10.409804,CollegeFootballData (CFBD)
2026,5,2026.v2,1,final-public,2026-09-27T15:14:01.460943+00:00,8573a6dda76ab607134144eedc9479be38ccb537a192eefd35383f50388ab3db,3366d581f2578bb3746fbbcfd07cc159e94a96b8b5da179a5e7d06d475a3dcff,manual-sunday-2026-week-4-to-5,2026-09-27T15:14:01.460943+00:00,401860921,2026-10-04,Fresno State,Washington State,Fresno State,-5.120581,Fresno State by 5.1,graded,26,6,-20,Fresno State,True,14.879419,CollegeFootballData (CFBD)
2026,5,2026.v2,1,final-public,2026-09-27T15:14:01.460943+00:00,8573a6dda76ab607134144eedc9479be38ccb537a192eefd35383f50388ab3db,3366d581f2578bb3746fbbcfd07cc159e94a96b8b5da179a5e7d06d475a3dcff,manual-sunday-2026-week-4-to-5,2026-09-27T15:14:01.460943+00:00,401864513,2026-10-04,San José State,Hawai'i,San José State,-2.638539,San José State by 2.6,graded,20,16,-4,San José State,True,1.361461,CollegeFootballData (CFBD)
2026,5,2026.v2,1,final-public,2026-09-27T15:14:01.460943+00:00,8573a6dda76ab607134144eedc9479be38ccb537a192eefd35383f50388ab3db,3366d581f2578bb3746fbbcfd07cc159e94a96b8b5da179a5e7d06d475a3dcff,manual-sunday-2026-week-4-to-5,2026-09-27T15:14:01.460943+00:00,401869932,2026-10-04,Arkansas State,Louisiana,Louisiana,9.093423,Louisiana by 9.1,graded,20,23,3,Louisiana,True,6.093423,CollegeFootballData (CFBD)
2026,6,2026.v2,1,final-public,2026-10-04T15:39:04.986925+00:00,a6d8eae72d4854635090601d304b8da2293b1ecb6dea34c7da7cf004c8d47e0c,caf6b7a13bddcc41a4eebd5cef8221b7de813f69f8e3160f27f7398929cf3f74,manual-sunday-2026-week-5-to-6,2026-10-04T15:39:04.986925+00:00,401871051,2026-10-07,Jacksonville State,Kennesaw State,Kennesaw State,2.054611,Kennesaw State by 2.1,pending,,,,,,,
2026,6,2026.v2,1,final-public,2026-10-04T15:39:04.986925+00:00,a6d8eae72d4854635090601d304b8da2293b1ecb6dea34c7da7cf004c8d47e0c,caf6b7a13bddcc41a4eebd5cef8221b7de813f69f8e3160f27f7398929cf3f74,manual-sunday-2026-week-5-to-6,2026-10-04T15:39:04.986925+00:00,401871066,2026-10-07,New Mexico State,Florida International,Florida International,4.982993,Florida International by 5.0,pending,,,,,,,
2026,6,2026.v2,1,final-public,2026-10-04T15:39:04.986925+00:00,a6d8eae72d4854635090601d304b8da2293b1ecb6dea34c7da7cf004c8d47e0c,caf6b7a13bddcc41a4eebd5cef8221b7de813f69f8e3160f27f7398929cf3f74,manual-sunday-2026-week-5-to-6,2026-10-04T15:39:04.986925+00:00,401871090,2026-10-07,Southern Miss,Troy,Troy,8.621325,Troy by 8.6,pending,,,,,,,
2026,6,2026.v2,1,final-public,2026-10-04T15:39:04.986925+00:00,a6d8eae72d4854635090601d304b8da2293b1ecb6dea34c7da7cf004c8d47e0c,caf6b7a13bddcc41a4eebd5cef8221b7de813f69f8e3160f27f7398929cf3f74,manual-sunday-2026-week-5-to-6,2026-10-04T15:39:04.986925+00:00,401862794,2026-10-08,South Florida,UTSA,UTSA,6.175292,UTSA by 6.2,pending,,,,,,,
2026,6,2026.v2,1,final-public,2026-10-04T15:39:04.986925+00:00,a6d8eae72d4854635090601d304b8da2293b1ecb6dea34c7da7cf004c8d47e0c,caf6b7a13bddcc41a4eebd5cef8221b7de813f69f8e3160f27f7398929cf3f74,manual-sunday-2026-week-5-to-6,2026-10-04T15:39:04.986925+00:00,401869933,2026-10-08,South Alabama,Arkansas State,Arkansas State,1.246874,Arkansas State by 1.2,pending,,,,,,,
2026,6,2026.v2,1,final-public,2026-10-04T15:39:04.986925+00:00,a6d8eae72d4854635090601d304b8da2293b1ecb6dea34c7da7cf004c8d47e0c,caf6b7a13bddcc41a4eebd5cef8221b7de813f69f8e3160f27f7398929cf3f74,manual-sunday-2026-week-5-to-6,2026-10-04T15:39:04.986925+00:00,401870766,2026-10-08,Sam Houston,Liberty,Liberty,13.880938,Liberty by 13.9,pending,,,,,,,
2026,6,2026.v2,1,final-public,2026-10-04T15:39:04.986925+00:00,a6d8eae72d4854635090601d304b8da2293b1ecb6dea34c7da7cf004c8d47e0c,caf6b7a13bddcc41a4eebd5cef8221b7de813f69f8e3160f27f7398929cf3f74,manual-sunday-2026-week-5-to-6,2026-10-04T15:39:04.986925+00:00,401871052,2026-10-08,Missouri State,Western Kentucky,Western Kentucky,4.624414,Western Kentucky by 4.6,pending,,,,,,,
2026,6,2026.v2,1,final-public,2026-10-04T15:39:04.986925+00:00,a6d8eae72d4854635090601d304b8da2293b1ecb6dea34c7da7cf004c8d47e0c,caf6b7a13bddcc41a4eebd5cef8221b7de813f69f8e3160f27f7398929cf3f74,manual-sunday-2026-week-5-to-6,2026-10-04T15:39:04.986925+00:00,401858254,2026-10-09,Florida State,Louisville,Louisville,4.735746,Louisville by 4.7,pending,,,,,,,
2026,6,2026.v2,1,final-public,2026-10-04T15:39:04.986925+00:00,a6d8eae72d4854635090601d304b8da2293b1ecb6dea34c7da7cf004c8d47e0c,caf6b7a13bddcc41a4eebd5cef8221b7de813f69f8e3160f27f7398929cf3f74,manual-sunday-2026-week-5-to-6,2026-10-04T15:39:04.986925+00:00,401856712,2026-10-10,Georgia,Alabama,Alabama,2.081026,Alabama by 2.1,pending,,,,,,,
2026,6,2026.v2,1,final-public,2026-10-04T15:39:04.986925+00:00,a6d8eae72d4854635090601d304b8da2293b1ecb6dea34c7da7cf004c8d47e0c,caf6b7a13bddcc41a4eebd5cef8221b7de813f69f8e3160f27f7398929cf3f74,manual-sunday-2026-week-5-to-6,2026-10-04T15:39:04.986925+00:00,401856713,2026-10-10,Tennessee,Arkansas,Tennessee,-6.607545,Tennessee by 6.6,pending,,,,,,,
2026,6,2026.v2,1,final-public,2026-10-04T15:39:04.986925+00:00,a6d8eae72d4854635090601d304b8da2293b1ecb6dea34c7da7cf004c8d47e0c,caf6b7a13bddcc41a4eebd5cef8221b7de813f69f8e3160f27f7398929cf3f74,manual-sunday-2026-week-5-to-6,2026-10-04T15:39:04.986925+00:00,401856714,2026-10-10,South Carolina,Florida,Florida,11.7253,Florida by 11.7,pending,,,,,,,
2026,6,2026.v2,1,final-public,2026-10-04T15:39:04.986925+00:00,a6d8eae72d4854635090601d304b8da2293b1ecb6dea34c7da7cf004c8d47e0c,caf6b7a13bddcc41a4eebd5cef8221b7de813f69f8e3160f27f7398929cf3f74,manual-sunday-2026-week-5-to-6,2026-10-04T15:39:04.986925+00:00,401856715,2026-10-10,LSU,Kentucky,LSU,-0.637511,LSU by 0.6,pending,,,,,,,
2026,6,2026.v2,1,final-public,2026-10-04T15:39:04.986925+00:00,a6d8eae72d4854635090601d304b8da2293b1ecb6dea34c7da7cf004c8d47e0c,caf6b7a13bddcc41a4eebd5cef8221b7de813f69f8e3160f27f7398929cf3f74,manual-sunday-2026-week-5-to-6,2026-10-04T15:39:04.986925+00:00,401856716,2026-10-10,Texas A&M,Missouri,Missouri,8.252511,Missouri by 8.3,pending,,,,,,,
2026,6,2026.v2,1,final-public,2026-10-04T15:39:04.986925+00:00,a6d8eae72d4854635090601d304b8da2293b1ecb6dea34c7da7cf004c8d47e0c,caf6b7a13bddcc41a4eebd5cef8221b7de813f69f8e3160f27f7398929cf3f74,manual-sunday-2026-week-5-to-6,2026-10-04T15:39:04.986925+00:00,401856717,2026-10-10,Texas,Oklahoma,Texas,-5.416604,Texas by 5.4,pending,,,,,,,
2026,6,2026.v2,1,final-public,2026-10-04T15:39:04.986925+00:00,a6d8eae72d4854635090601d304b8da2293b1ecb6dea34c7da7cf004c8d47e0c,caf6b7a13bddcc41a4eebd5cef8221b7de813f69f8e3160f27f7398929cf3f74,manual-sunday-2026-week-5-to-6,2026-10-04T15:39:04.986925+00:00,401856718,2026-10-10,Ole Miss,Vanderbilt,Ole Miss,-4.123304,Ole Miss by 4.1,pending,,,,,,,
2026,6,2026.v2,1,final-public,2026-10-04T15:39:04.986925+00:00,a6d8eae72d4854635090601d304b8da2293b1ecb6dea34c7da7cf004c8d47e0c,caf6b7a13bddcc41a4eebd5cef8221b7de813f69f8e3160f27f7398929cf3f74,manual-sunday-2026-week-5-to-6,2026-10-04T15:39:04.986925+00:00,401856823,2026-10-10,Arizona,West Virginia,West Virginia,0.629981,West Virginia by 0.6,pending,,,,,,,
2026,6,2026.v2,1,final-public,2026-10-04T15:39:04.986925+00:00,a6d8eae72d4854635090601d304b8da2293b1ecb6dea34c7da7cf004c8d47e0c,caf6b7a13bddcc41a4eebd5cef8221b7de813f69f8e3160f27f7398929cf3f74,manual-sunday-2026-week-5-to-6,2026-10-04T15:39:04.986925+00:00,401856824,2026-10-10,UCF,Oklahoma State,Oklahoma State,8.194638,Oklahoma State by 8.2,pending,,,,,,,
2026,6,2026.v2,1,final-public,2026-10-04T15:39:04.986925+00:00,a6d8eae72d4854635090601d304b8da2293b1ecb6dea34c7da7cf004c8d47e0c,caf6b7a13bddcc41a4eebd5cef8221b7de813f69f8e3160f27f7398929cf3f74,manual-sunday-2026-week-5-to-6,2026-10-04T15:39:04.986925+00:00,401856825,2026-10-10,Houston,Kansas State,Kansas State,9.551758,Kansas State by 9.6,pending,,,,,,,
2026,6,2026.v2,1,final-public,2026-10-04T15:39:04.986925+00:00,a6d8eae72d4854635090601d304b8da2293b1ecb6dea34c7da7cf004c8d47e0c,caf6b7a13bddcc41a4eebd5cef8221b7de813f69f8e3160f27f7398929cf3f74,manual-sunday-2026-week-5-to-6,2026-10-04T15:39:04.986925+00:00,401856826,2026-10-10,Iowa State,BYU,BYU,13.691329,BYU by 13.7,pending,,,,,,,
2026,6,2026.v2,1,final-public,2026-10-04T15:39:04.986925+00:00,a6d8eae72d4854635090601d304b8da2293b1ecb6dea34c7da7cf004c8d47e0c,caf6b7a13bddcc41a4eebd5cef8221b7de813f69f8e3160f27f7398929cf3f74,manual-sunday-2026-week-5-to-6,2026-10-04T15:39:04.986925+00:00,401858255,2026-10-10,Duke,Georgia Tech,Georgia Tech,1.15339,Georgia Tech by 1.2,pending,,,,,,,
2026,6,2026.v2,1,final-public,2026-10-04T15:39:04.986925+00:00,a6d8eae72d4854635090601d304b8da2293b1ecb6dea34c7da7cf004c8d47e0c,caf6b7a13bddcc41a4eebd5cef8221b7de813f69f8e3160f27f7398929cf3f74,manual-sunday-2026-week-5-to-6,2026-10-04T15:39:04.986925+00:00,401858256,2026-10-10,North Carolina,Pittsburgh,Pittsburgh,13.629124,Pittsburgh by 13.6,pending,,,,,,,
2026,6,2026.v2,1,final-public,2026-10-04T15:39:04.986925+00:00,a6d8eae72d4854635090601d304b8da2293b1ecb6dea34c7da7cf004c8d47e0c,caf6b7a13bddcc41a4eebd5cef8221b7de813f69f8e3160f27f7398929cf3f74,manual-sunday-2026-week-5-to-6,2026-10-04T15:39:04.986925+00:00,401858257,2026-10-10,Stanford,Notre Dame,Notre Dame,36.018908,Notre Dame by 36.0,pending,,,,,,,
2026,6,2026.v2,1,final-public,2026-10-04T15:39:04.986925+00:00,a6d8eae72d4854635090601d304b8da2293b1ecb6dea34c7da7cf004c8d47e0c,caf6b7a13bddcc41a4eebd5cef8221b7de813f69f8e3160f27f7398929cf3f74,manual-sunday-2026-week-5-to-6,2026-10-04T15:39:04.986925+00:00,401858258,2026-10-10,Syracuse,Virginia,Virginia,10.547621,Virginia by 10.5,pending,,,,,,,
2026,6,2026.v2,1,final-public,2026-10-04T15:39:04.986925+00:00,a6d8eae72d4854635090601d304b8da2293b1ecb6dea34c7da7cf004c8d47e0c,caf6b7a13bddcc41a4eebd5cef8221b7de813f69f8e3160f27f7398929cf3f74,manual-sunday-2026-week-5-to-6,2026-10-04T15:39:04.986925+00:00,401858259,2026-10-10,Virginia Tech,California,Virginia Tech,-7.079229,Virginia Tech by 7.1,pending,,,,,,,
2026,6,2026.v2,1,final-public,2026-10-04T15:39:04.986925+00:00,a6d8eae72d4854635090601d304b8da2293b1ecb6dea34c7da7cf004c8d47e0c,caf6b7a13bddcc41a4eebd5cef8221b7de813f69f8e3160f27f7398929cf3f74,manual-sunday-2026-week-5-to-6,2026-10-04T15:39:04.986925+00:00,401858260,2026-10-10,Wake Forest,NC State,NC State,3.731172,NC State by 3.7,pending,,,,,,,
2026,6,2026.v2,1,final-public,2026-10-04T15:39:04.986925+00:00,a6d8eae72d4854635090601d304b8da2293b1ecb6dea34c7da7cf004c8d47e0c,caf6b7a13bddcc41a4eebd5cef8221b7de813f69f8e3160f27f7398929cf3f74,manual-sunday-2026-week-5-to-6,2026-10-04T15:39:04.986925+00:00,401858480,2026-10-10,Illinois,Michigan State,Michigan State,1.305486,Michigan State by 1.3,pending,,,,,,,
2026,6,2026.v2,1,final-public,2026-10-04T15:39:04.986925+00:00,a6d8eae72d4854635090601d304b8da2293b1ecb6dea34c7da7cf004c8d47e0c,caf6b7a13bddcc41a4eebd5cef8221b7de813f69f8e3160f27f7398929cf3f74,manual-sunday-2026-week-5-to-6,2026-10-04T15:39:04.986925+00:00,401858481,2026-10-10,Indiana,Nebraska,Indiana,-3.244752,Indiana by 3.2,pending,,,,,,,
2026,6,2026.v2,1,final-public,2026-10-04T15:39:04.986925+00:00,a6d8eae72d4854635090601d304b8da2293b1ecb6dea34c7da7cf004c8d47e0c,caf6b7a13bddcc41a4eebd5cef8221b7de813f69f8e3160f27f7398929cf3f74,manual-sunday-2026-week-5-to-6,2026-10-04T15:39:04.986925+00:00,401858482,2026-10-10,Ball State,Northwestern,Northwestern,31.250907,Northwestern by 31.3,pending,,,,,,,
2026,6,2026.v2,1,final-public,2026-10-04T15:39:04.986925+00:00,a6d8eae72d4854635090601d304b8da2293b1ecb6dea34c7da7cf004c8d47e0c,caf6b7a13bddcc41a4eebd5cef8221b7de813f69f8e3160f27f7398929cf3f74,manual-sunday-2026-week-5-to-6,2026-10-04T15:39:04.986925+00:00,401858483,2026-10-10,Maryland,Ohio State,Ohio State,28.138,Ohio State by 28.1,pending,,,,,,,
2026,6,2026.v2,1,final-public,2026-10-04T15:39:04.986925+00:00,a6d8eae72d4854635090601d304b8da2293b1ecb6dea34c7da7cf004c8d47e0c,caf6b7a13bddcc41a4eebd5cef8221b7de813f69f8e3160f27f7398929cf3f74,manual-sunday-2026-week-5-to-6,2026-10-04T15:39:04.986925+00:00,401858484,2026-10-10,UCLA,Oregon,Oregon,13.643577,Oregon by 13.6,pending,,,,,,,
2026,6,2026.v2,1,final-public,2026-10-04T15:39:04.986925+00:00,a6d8eae72d4854635090601d304b8da2293b1ecb6dea34c7da7cf004c8d47e0c,caf6b7a13bddcc41a4eebd5cef8221b7de813f69f8e3160f27f7398929cf3f74,manual-sunday-2026-week-5-to-6,2026-10-04T15:39:04.986925+00:00,401858485,2026-10-10,USC,Penn State,USC,-1.433042,USC by 1.4,pending,,,,,,,
2026,6,2026.v2,1,final-public,2026-10-04T15:39:04.986925+00:00,a6d8eae72d4854635090601d304b8da2293b1ecb6dea34c7da7cf004c8d47e0c,caf6b7a13bddcc41a4eebd5cef8221b7de813f69f8e3160f27f7398929cf3f74,manual-sunday-2026-week-5-to-6,2026-10-04T15:39:04.986925+00:00,401858487,2026-10-10,Iowa,Washington,Washington,4.440624,Washington by 4.4,pending,,,,,,,
2026,6,2026.v2,1,final-public,2026-10-04T15:39:04.986925+00:00,a6d8eae72d4854635090601d304b8da2293b1ecb6dea34c7da7cf004c8d47e0c,caf6b7a13bddcc41a4eebd5cef8221b7de813f69f8e3160f27f7398929cf3f74,manual-sunday-2026-week-5-to-6,2026-10-04T15:39:04.986925+00:00,401860902,2026-10-10,San Diego State,Oregon State,Oregon State,15.466276,Oregon State by 15.5,pending,,,,,,,
2026,6,2026.v2,1,final-public,2026-10-04T15:39:04.986925+00:00,a6d8eae72d4854635090601d304b8da2293b1ecb6dea34c7da7cf004c8d47e0c,caf6b7a13bddcc41a4eebd5cef8221b7de813f69f8e3160f27f7398929cf3f74,manual-sunday-2026-week-5-to-6,2026-10-04T15:39:04.986925+00:00,401860922,2026-10-10,Washington State,Utah State,Utah State,7.691009,Utah State by 7.7,pending,,,,,,,
2026,6,2026.v2,1,final-public,2026-10-04T15:39:04.986925+00:00,a6d8eae72d4854635090601d304b8da2293b1ecb6dea34c7da7cf004c8d47e0c,caf6b7a13bddcc41a4eebd5cef8221b7de813f69f8e3160f27f7398929cf3f74,manual-sunday-2026-week-5-to-6,2026-10-04T15:39:04.986925+00:00,401861964,2026-10-10,UConn,Temple,Temple,5.199823,Temple by 5.2,pending,,,,,,,
2026,6,2026.v2,1,final-public,2026-10-04T15:39:04.986925+00:00,a6d8eae72d4854635090601d304b8da2293b1ecb6dea34c7da7cf004c8d47e0c,caf6b7a13bddcc41a4eebd5cef8221b7de813f69f8e3160f27f7398929cf3f74,manual-sunday-2026-week-5-to-6,2026-10-04T15:39:04.986925+00:00,401862795,2026-10-10,Tulane,Army,Army,15.057095,Army by 15.1,pending,,,,,,,
2026,6,2026.v2,1,final-public,2026-10-04T15:39:04.986925+00:00,a6d8eae72d4854635090601d304b8da2293b1ecb6dea34c7da7cf004c8d47e0c,caf6b7a13bddcc41a4eebd5cef8221b7de813f69f8e3160f27f7398929cf3f74,manual-sunday-2026-week-5-to-6,2026-10-04T15:39:04.986925+00:00,401862796,2026-10-10,Charlotte,North Texas,North Texas,29.734495,North Texas by 29.7,pending,,,,,,,
2026,6,2026.v2,1,final-public,2026-10-04T15:39:04.986925+00:00,a6d8eae72d4854635090601d304b8da2293b1ecb6dea34c7da7cf004c8d47e0c,caf6b7a13bddcc41a4eebd5cef8221b7de813f69f8e3160f27f7398929cf3f74,manual-sunday-2026-week-5-to-6,2026-10-04T15:39:04.986925+00:00,401862797,2026-10-10,Rice,East Carolina,East Carolina,8.245924,East Carolina by 8.2,pending,,,,,,,
2026,6,2026.v2,1,final-public,2026-10-04T15:39:04.986925+00:00,a6d8eae72d4854635090601d304b8da2293b1ecb6dea34c7da7cf004c8d47e0c,caf6b7a13bddcc41a4eebd5cef8221b7de813f69f8e3160f27f7398929cf3f74,manual-sunday-2026-week-5-to-6,2026-10-04T15:39:04.986925+00:00,401862798,2026-10-10,UAB,Memphis,Memphis,18.727813,Memphis by 18.7,pending,,,,,,,
2026,6,2026.v2,1,final-public,2026-10-04T15:39:04.986925+00:00,a6d8eae72d4854635090601d304b8da2293b1ecb6dea34c7da7cf004c8d47e0c,caf6b7a13bddcc41a4eebd5cef8221b7de813f69f8e3160f27f7398929cf3f74,manual-sunday-2026-week-5-to-6,2026-10-04T15:39:04.986925+00:00,401862799,2026-10-10,Tulsa,Navy,Navy,10.006036,Navy by 10.0,pending,,,,,,,
2026,6,2026.v2,1,final-public,2026-10-04T15:39:04.986925+00:00,a6d8eae72d4854635090601d304b8da2293b1ecb6dea34c7da7cf004c8d47e0c,caf6b7a13bddcc41a4eebd5cef8221b7de813f69f8e3160f27f7398929cf3f74,manual-sunday-2026-week-5-to-6,2026-10-04T15:39:04.986925+00:00,401864516,2026-10-10,Air Force,Northern Illinois,Air Force,-7.472188,Air Force by 7.5,pending,,,,,,,
2026,6,2026.v2,1,final-public,2026-10-04T15:39:04.986925+00:00,a6d8eae72d4854635090601d304b8da2293b1ecb6dea34c7da7cf004c8d47e0c,caf6b7a13bddcc41a4eebd5cef8221b7de813f69f8e3160f27f7398929cf3f74,manual-sunday-2026-week-5-to-6,2026-10-04T15:39:04.986925+00:00,401864517,2026-10-10,Nevada,UTEP,Nevada,-9.790058,Nevada by 9.8,pending,,,,,,,
2026,6,2026.v2,1,final-public,2026-10-04T15:39:04.986925+00:00,a6d8eae72d4854635090601d304b8da2293b1ecb6dea34c7da7cf004c8d47e0c,caf6b7a13bddcc41a4eebd5cef8221b7de813f69f8e3160f27f7398929cf3f74,manual-sunday-2026-week-5-to-6,2026-10-04T15:39:04.986925+00:00,401864518,2026-10-10,North Dakota State,UNLV,North Dakota State,-4.794633,North Dakota State by 4.8,pending,,,,,,,
2026,6,2026.v2,1,final-public,2026-10-04T15:39:04.986925+00:00,a6d8eae72d4854635090601d304b8da2293b1ecb6dea34c7da7cf004c8d47e0c,caf6b7a13bddcc41a4eebd5cef8221b7de813f69f8e3160f27f7398929cf3f74,manual-sunday-2026-week-5-to-6,2026-10-04T15:39:04.986925+00:00,401864519,2026-10-10,Wyoming,San José State,San José State,9.83766,San José State by 9.8,pending,,,,,,,
2026,6,2026.v2,1,final-public,2026-10-04T15:39:04.986925+00:00,a6d8eae72d4854635090601d304b8da2293b1ecb6dea34c7da7cf004c8d47e0c,caf6b7a13bddcc41a4eebd5cef8221b7de813f69f8e3160f27f7398929cf3f74,manual-sunday-2026-week-5-to-6,2026-10-04T15:39:04.986925+00:00,401866435,2026-10-10,Eastern Michigan,Akron,Akron,2.424855,Akron by 2.4,pending,,,,,,,
2026,6,2026.v2,1,final-public,2026-10-04T15:39:04.986925+00:00,a6d8eae72d4854635090601d304b8da2293b1ecb6dea34c7da7cf004c8d47e0c,caf6b7a13bddcc41a4eebd5cef8221b7de813f69f8e3160f27f7398929cf3f74,manual-sunday-2026-week-5-to-6,2026-10-04T15:39:04.986925+00:00,401866436,2026-10-10,Sacramento State,Bowling Green,Bowling Green,3.414818,Bowling Green by 3.4,pending,,,,,,,
2026,6,2026.v2,1,final-public,2026-10-04T15:39:04.986925+00:00,a6d8eae72d4854635090601d304b8da2293b1ecb6dea34c7da7cf004c8d47e0c,caf6b7a13bddcc41a4eebd5cef8221b7de813f69f8e3160f27f7398929cf3f74,manual-sunday-2026-week-5-to-6,2026-10-04T15:39:04.986925+00:00,401866437,2026-10-10,Buffalo,Toledo,Toledo,25.506985,Toledo by 25.5,pending,,,,,,,
2026,6,2026.v2,1,final-public,2026-10-04T15:39:04.986925+00:00,a6d8eae72d4854635090601d304b8da2293b1ecb6dea34c7da7cf004c8d47e0c,caf6b7a13bddcc41a4eebd5cef8221b7de813f69f8e3160f27f7398929cf3f74,manual-sunday-2026-week-5-to-6,2026-10-04T15:39:04.986925+00:00,401866438,2026-10-10,Central Michigan,Ohio,Ohio,9.214885,Ohio by 9.2,pending,,,,,,,
2026,6,2026.v2,1,final-public,2026-10-04T15:39:04.986925+00:00,a6d8eae72d4854635090601d304b8da2293b1ecb6dea34c7da7cf004c8d47e0c,caf6b7a13bddcc41a4eebd5cef8221b7de813f69f8e3160f27f7398929cf3f74,manual-sunday-2026-week-5-to-6,2026-10-04T15:39:04.986925+00:00,401866439,2026-10-10,Kent State,Western Michigan,Western Michigan,20.919283,Western Michigan by 20.9,pending,,,,,,,
2026,6,2026.v2,1,final-public,2026-10-04T15:39:04.986925+00:00,a6d8eae72d4854635090601d304b8da2293b1ecb6dea34c7da7cf004c8d47e0c,caf6b7a13bddcc41a4eebd5cef8221b7de813f69f8e3160f27f7398929cf3f74,manual-sunday-2026-week-5-to-6,2026-10-04T15:39:04.986925+00:00,401866440,2026-10-10,Miami (OH),Massachusetts,Miami (OH),-0.332776,Miami (OH) by 0.3,pending,,,,,,,
2026,6,2026.v2,1,final-public,2026-10-04T15:39:04.986925+00:00,a6d8eae72d4854635090601d304b8da2293b1ecb6dea34c7da7cf004c8d47e0c,caf6b7a13bddcc41a4eebd5cef8221b7de813f69f8e3160f27f7398929cf3f74,manual-sunday-2026-week-5-to-6,2026-10-04T15:39:04.986925+00:00,401869843,2026-10-10,Old Dominion,App State,App State,12.780261,App State by 12.8,pending,,,,,,,
2026,6,2026.v2,1,final-public,2026-10-04T15:39:04.986925+00:00,a6d8eae72d4854635090601d304b8da2293b1ecb6dea34c7da7cf004c8d47e0c,caf6b7a13bddcc41a4eebd5cef8221b7de813f69f8e3160f27f7398929cf3f74,manual-sunday-2026-week-5-to-6,2026-10-04T15:39:04.986925+00:00,401869943,2026-10-10,Coastal Carolina,Marshall,Marshall,9.152684,Marshall by 9.2,pending,,,,,,,
2026,6,2026.v2,1,final-public,2026-10-04T15:39:04.986925+00:00,a6d8eae72d4854635090601d304b8da2293b1ecb6dea34c7da7cf004c8d47e0c,caf6b7a13bddcc41a4eebd5cef8221b7de813f69f8e3160f27f7398929cf3f74,manual-sunday-2026-week-5-to-6,2026-10-04T15:39:04.986925+00:00,401869949,2026-10-10,James Madison,Georgia Southern,James Madison,-11.374228,James Madison by 11.4,pending,,,,,,,
2026,6,2026.v2,1,final-public,2026-10-04T15:39:04.986925+00:00,a6d8eae72d4854635090601d304b8da2293b1ecb6dea34c7da7cf004c8d47e0c,caf6b7a13bddcc41a4eebd5cef8221b7de813f69f8e3160f27f7398929cf3f74,manual-sunday-2026-week-5-to-6,2026-10-04T15:39:04.986925+00:00,401869965,2026-10-10,Louisiana,Louisiana Tech,Louisiana Tech,1.341684,Louisiana Tech by 1.3,pending,,,,,,,
2026,6,2026.v2,1,final-public,2026-10-04T15:39:04.986925+00:00,a6d8eae72d4854635090601d304b8da2293b1ecb6dea34c7da7cf004c8d47e0c,caf6b7a13bddcc41a4eebd5cef8221b7de813f69f8e3160f27f7398929cf3f74,manual-sunday-2026-week-5-to-6,2026-10-04T15:39:04.986925+00:00,401856808,2026-10-11,Hawai'i,Arizona State,Arizona State,23.097797,Arizona State by 23.1,pending,,,,,,,
2026,6,2026.v2,1,final-public,2026-10-04T15:39:04.986925+00:00,a6d8eae72d4854635090601d304b8da2293b1ecb6dea34c7da7cf004c8d47e0c,caf6b7a13bddcc41a4eebd5cef8221b7de813f69f8e3160f27f7398929cf3f74,manual-sunday-2026-week-5-to-6,2026-10-04T15:39:04.986925+00:00,401856827,2026-10-11,Kansas,Utah,Utah,20.924574,Utah by 20.9,pending,,,,,,,
2026,6,2026.v2,1,final-public,2026-10-04T15:39:04.986925+00:00,a6d8eae72d4854635090601d304b8da2293b1ecb6dea34c7da7cf004c8d47e0c,caf6b7a13bddcc41a4eebd5cef8221b7de813f69f8e3160f27f7398929cf3f74,manual-sunday-2026-week-5-to-6,2026-10-04T15:39:04.986925+00:00,401858486,2026-10-11,Minnesota,Purdue,Purdue,1.388655,Purdue by 1.4,pending,,,,,,,
2026,6,2026.v2,1,final-public,2026-10-04T15:39:04.986925+00:00,a6d8eae72d4854635090601d304b8da2293b1ecb6dea34c7da7cf004c8d47e0c,caf6b7a13bddcc41a4eebd5cef8221b7de813f69f8e3160f27f7398929cf3f74,manual-sunday-2026-week-5-to-6,2026-10-04T15:39:04.986925+00:00,401860901,2026-10-11,Boise State,Fresno State,Boise State,-6.147778,Boise State by 6.1,pending,,,,,,,
